Id,INN,Name,ReportDate,1110,1150,2110
1,100000000,Client_0,2018-12-31,7370,960,5490
2,100000000,Client_0,2019-03-31,5291,5834,6365
3,100000000,Client_0,2019-06-30,566,4526,5678
4,100000000,Client_0,2019-09-30,8422,1785,869
5,100000000,Client_0,2019-12-31,7049,2533,5411
6,100000000,Client_0,2020-03-31,5151,6520,1284
7,100000000,Client_0,2020-06-30,4655,3485,6496
8,100000000,Client_0,2020-09-30,8766,9374,2658
9,100000000,Client_0,2020-12-31,7949,2147,2847
10,100000000,Client_0,2021-03-31,9267,289,2834
11,100000000,Client_0,2021-06-30,3105,4758,1999
12,100000000,Client_0,2021-09-30,7834,1367,1628
13,100000001,Client_1,2018-12-31,3656,3990,8938
14,100000001,Client_1,2019-03-31,5493,8892,8533
15,100000001,Client_1,2019-06-30,7613,2712,7141
16,100000001,Client_1,2019-09-30,9655,6335,5586
17,100000001,Client_1,2019-12-31,7199,9770,875
18,100000001,Client_1,2020-03-31,8326,3252,1685
19,100000001,Client_1,2020-06-30,4043,7655,3173
20,100000001,Client_1,2020-09-30,1121,3943,8089
21,100000001,Client_1,2020-12-31,9792,6973,5775
22,100000001,Client_1,2021-03-31,261,4397,1095
23,100000001,Client_1,2021-06-30,7729,9567,1116
24,100000001,Client_1,2021-09-30,7969,6539,7992
25,100000002,Client_2,2018-12-31,6963,8016,8629
26,100000002,Client_2,2019-03-31,978,9368,4987
27,100000002,Client_2,2019-06-30,4959,6431,8671
28,100000002,Client_2,2019-09-30,8784,7308,5376
29,100000002,Client_2,2019-12-31,2162,164,8106
30,100000002,Client_2,2020-03-31,2668,5563,2127
31,100000002,Client_2,2020-06-30,2795,9787,5358
32,100000002,Client_2,2020-09-30,5718,6836,491
33,100000002,Client_2,2020-12-31,5992,3661,6284
34,100000002,Client_2,2021-03-31,3199,6378,8492
35,100000002,Client_2,2021-06-30,3204,7315,2554
36,100000002,Client_2,2021-09-30,9096,2831,8254
37,100000003,Client_3,2018-12-31,9862,5156,8210
38,100000003,Client_3,2019-03-31,3940,1128,7485
39,100000003,Client_3,2019-06-30,602,7010,9162
40,100000003,Client_3,2019-09-30,7038,4588,306
41,100000003,Client_3,2019-12-31,5234,6077,7821
42,100000003,Client_3,2020-03-31,7135,1584,7958
43,100000003,Client_3,2020-06-30,963,2890,7508
44,100000003,Client_3,2020-09-30,8855,5216,6119
45,100000003,Client_3,2020-12-31,1857,7674,6474
46,100000003,Client_3,2021-03-31,6992,1778,3342
47,100000003,Client_3,2021-06-30,4736,1159,6768
48,100000003,Client_3,2021-09-30,3257,6015,9889
49,100000004,Client_4,2018-12-31,2793,3727,9655
50,100000004,Client_4,2019-03-31,5550,1763,9821
51,100000004,Client_4,2019-06-30,5692,7492,1406
52,100000004,Client_4,2019-09-30,6876,5964,9574
53,100000004,Client_4,2019-12-31,7626,9001,5675
54,100000004,Client_4,2020-03-31,5630,4513,3848
55,100000004,Client_4,2020-06-30,763,2098,8094
56,100000004,Client_4,2020-09-30,1595,3404,3863
57,100000004,Client_4,2020-12-31,5332,1953,6685
58,100000004,Client_4,2021-03-31,1391,3681,7654
59,100000004,Client_4,2021-06-30,7380,1736,3796
60,100000004,Client_4,2021-09-30,798,4837,954
61,100000005,Client_5,2018-12-31,8264,5955,7492
62,100000005,Client_5,2019-03-31,6628,5349,5272
63,100000005,Client_5,2019-06-30,1807,5891,5635
64,100000005,Client_5,2019-09-30,5031,3610,302
65,100000005,Client_5,2019-12-31,4318,9058,4489
66,100000005,Client_5,2020-03-31,2427,8104,3031
67,100000005,Client_5,2020-06-30,7877,297,7225
68,100000005,Client_5,2020-09-30,2030,6387,8900
69,100000005,Client_5,2020-12-31,9439,4382,2611
70,100000005,Client_5,2021-03-31,759,2911,7198
71,100000005,Client_5,2021-06-30,6646,9661,2086
72,100000005,Client_5,2021-09-30,8438,3011,1834
73,100000006,Client_6,2018-12-31,1943,8780,3076
74,100000006,Client_6,2019-03-31,2059,5859,6794
75,100000006,Client_6,2019-06-30,2485,4836,1902
76,100000006,Client_6,2019-09-30,8255,8220,6716
77,100000006,Client_6,2019-12-31,5634,4161,362
78,100000006,Client_6,2020-03-31,6387,8915,9308
79,100000006,Client_6,2020-06-30,2149,5523,4648
80,100000006,Client_6,2020-09-30,3208,7258,7500
81,100000006,Client_6,2020-12-31,3270,9974,2355
82,100000006,Client_6,2021-03-31,1254,4599,6395
83,100000006,Client_6,2021-06-30,6297,9988,1748
84,100000006,Client_6,2021-09-30,5639,9737,4299
85,100000007,Client_7,2018-12-31,8545,2657,5692
86,100000007,Client_7,2019-03-31,198,2300,3061
87,100000007,Client_7,2019-06-30,5073,4533,2969
88,100000007,Client_7,2019-09-30,1056,8452,5799
89,100000007,Client_7,2019-12-31,7044,4593,9592
90,100000007,Client_7,2020-03-31,5011,4087,9819
91,100000007,Client_7,2020-06-30,6115,1318,4596
92,100000007,Client_7,2020-09-30,4835,4655,9246
93,100000007,Client_7,2020-12-31,8150,3546,1145
94,100000007,Client_7,2021-03-31,6993,1793,3536
95,100000007,Client_7,2021-06-30,8854,5995,3454
96,100000007,Client_7,2021-09-30,325,4993,7122
97,100000008,Client_8,2018-12-31,9251,5700,8096
98,100000008,Client_8,2019-03-31,9107,7783,4742
99,100000008,Client_8,2019-06-30,7779,8308,7439
100,100000008,Client_8,2019-09-30,9535,2305,1169
101,100000008,Client_8,2019-12-31,3544,1160,2427
102,100000008,Client_8,2020-03-31,3520,401,706
103,100000008,Client_8,2020-06-30,3270,799,5188
104,100000008,Client_8,2020-09-30,9431,290,1080
105,100000008,Client_8,2020-12-31,3075,6202,1284
106,100000008,Client_8,2021-03-31,3427,3494,8419
107,100000008,Client_8,2021-06-30,1916,5954,6809
108,100000008,Client_8,2021-09-30,669,5542,1995
109,100000009,Client_9,2018-12-31,2833,3963,7555
110,100000009,Client_9,2019-03-31,4114,1786,3109
111,100000009,Client_9,2019-06-30,7906,254,1509
112,100000009,Client_9,2019-09-30,884,8196,7660
113,100000009,Client_9,2019-12-31,7443,7306,5696
114,100000009,Client_9,2020-03-31,5901,2906,637
115,100000009,Client_9,2020-06-30,6086,1941,8816
116,100000009,Client_9,2020-09-30,7071,5725,3050
117,100000009,Client_9,2020-12-31,8092,4880,2468
118,100000009,Client_9,2021-03-31,6755,8273,4595
119,100000009,Client_9,2021-06-30,9263,6102,6714
120,100000009,Client_9,2021-09-30,9458,6019,953
121,100000010,Client_10,2018-12-31,4246,3869,674
122,100000010,Client_10,2019-03-31,1248,6393,6557
123,100000010,Client_10,2019-06-30,7609,4877,3954
124,100000010,Client_10,2019-09-30,2591,3224,5791
125,100000010,Client_10,2019-12-31,3151,104,5322
126,100000010,Client_10,2020-03-31,5415,4969,976
127,100000010,Client_10,2020-06-30,9283,7127,4242
128,100000010,Client_10,2020-09-30,7066,7179,8087
129,100000010,Client_10,2020-12-31,6899,4565,735
130,100000010,Client_10,2021-03-31,1793,9974,4852
131,100000010,Client_10,2021-06-30,8411,930,5277
132,100000010,Client_10,2021-09-30,9661,9032,8408
133,100000011,Client_11,2018-12-31,6049,2938,1250
134,100000011,Client_11,2019-03-31,7660,2031,9304
135,100000011,Client_11,2019-06-30,1764,1181,612
136,100000011,Client_11,2019-09-30,7905,5337,659
137,100000011,Client_11,2019-12-31,3772,7504,3443
138,100000011,Client_11,2020-03-31,4170,9762,680
139,100000011,Client_11,2020-06-30,7104,8230,3247
140,100000011,Client_11,2020-09-30,4349,1779,3606
141,100000011,Client_11,2020-12-31,7353,2844,9535
142,100000011,Client_11,2021-03-31,5288,2241,6717
143,100000011,Client_11,2021-06-30,2579,6584,9927
144,100000011,Client_11,2021-09-30,7521,4552,5981
145,100000012,Client_12,2018-12-31,6765,2949,7490
146,100000012,Client_12,2019-03-31,7005,2589,9923
147,100000012,Client_12,2019-06-30,9307,9640,4711
148,100000012,Client_12,2019-09-30,2939,8627,5978
149,100000012,Client_12,2019-12-31,9187,6403,951
150,100000012,Client_12,2020-03-31,1787,6933,2527
151,100000012,Client_12,2020-06-30,9860,4100,5152
152,100000012,Client_12,2020-09-30,2838,5832,5487
153,100000012,Client_12,2020-12-31,8102,5636,4013
154,100000012,Client_12,2021-03-31,1166,7823,4480
155,100000012,Client_12,2021-06-30,4207,5826,3473
156,100000012,Client_12,2021-09-30,9045,2182,9067
157,100000013,Client_13,2018-12-31,6848,9917,517
158,100000013,Client_13,2019-03-31,8406,8908,4074
159,100000013,Client_13,2019-06-30,3367,925,7768
160,100000013,Client_13,2019-09-30,5845,9808,512
161,100000013,Client_13,2019-12-31,7643,7687,828
162,100000013,Client_13,2020-03-31,7264,8967,6088
163,100000013,Client_13,2020-06-30,2604,3067,2886
164,100000013,Client_13,2020-09-30,1222,4179,1671
165,100000013,Client_13,2020-12-31,5173,5204,2243
166,100000013,Client_13,2021-03-31,9979,6906,7457
167,100000013,Client_13,2021-06-30,3540,3866,5744
168,100000013,Client_13,2021-09-30,3014,5068,6017
169,100000014,Client_14,2018-12-31,8887,828,1465
170,100000014,Client_14,2019-03-31,4592,798,7286
171,100000014,Client_14,2019-06-30,495,7500,8182
172,100000014,Client_14,2019-09-30,4271,4460,2602
173,100000014,Client_14,2019-12-31,817,2882,5046
174,100000014,Client_14,2020-03-31,5586,8435,5080
175,100000014,Client_14,2020-06-30,7366,4591,7292
176,100000014,Client_14,2020-09-30,5688,7751,3736
177,100000014,Client_14,2020-12-31,1267,1162,2256
178,100000014,Client_14,2021-03-31,7960,5261,5405
179,100000014,Client_14,2021-06-30,6641,4829,9448
180,100000014,Client_14,2021-09-30,7430,5434,9024
181,100000015,Client_15,2018-12-31,4430,8110,6901
182,100000015,Client_15,2019-03-31,4946,6831,7341
183,100000015,Client_15,2019-06-30,1053,2639,7156
184,100000015,Client_15,2019-09-30,1642,5393,1291
185,100000015,Client_15,2019-12-31,6413,7038,2781
186,100000015,Client_15,2020-03-31,9509,1640,6272
187,100000015,Client_15,2020-06-30,5641,9680,1465
188,100000015,Client_15,2020-09-30,8791,9972,8802
189,100000015,Client_15,2020-12-31,7594,4412,1424
190,100000015,Client_15,2021-03-31,9447,3241,7519
191,100000015,Client_15,2021-06-30,3586,1910,6688
192,100000015,Client_15,2021-09-30,3023,5401,4286
193,100000016,Client_16,2018-12-31,9005,6077,4368
194,100000016,Client_16,2019-03-31,4848,4949,9535
195,100000016,Client_16,2019-06-30,3809,9373,6719
196,100000016,Client_16,2019-09-30,8747,9186,9676
197,100000016,Client_16,2019-12-31,3172,6630,604
198,100000016,Client_16,2020-03-31,1314,1631,7676
199,100000016,Client_16,2020-06-30,923,1028,5129
200,100000016,Client_16,2020-09-30,233,2205,3727
201,100000016,Client_16,2020-12-31,6416,1952,5010
202,100000016,Client_16,2021-03-31,4275,5448,9542
203,100000016,Client_16,2021-06-30,6290,1356,3476
204,100000016,Client_16,2021-09-30,5745,3586,3684
205,100000017,Client_17,2018-12-31,9688,8153,3430
206,100000017,Client_17,2019-03-31,2803,8762,8220
207,100000017,Client_17,2019-06-30,7214,1453,5163
208,100000017,Client_17,2019-09-30,8649,7675,767
209,100000017,Client_17,2019-12-31,4568,9437,6919
210,100000017,Client_17,2020-03-31,3819,2845,7583
211,100000017,Client_17,2020-06-30,639,5064,4935
212,100000017,Client_17,2020-09-30,3875,6142,7202
213,100000017,Client_17,2020-12-31,7412,5420,6232
214,100000017,Client_17,2021-03-31,7991,2879,1024
215,100000017,Client_17,2021-06-30,1681,7814,3424
216,100000017,Client_17,2021-09-30,5813,7126,355
217,100000018,Client_18,2018-12-31,4904,1938,109
218,100000018,Client_18,2019-03-31,2971,9089,7509
219,100000018,Client_18,2019-06-30,7518,5224,1115
220,100000018,Client_18,2019-09-30,2293,8515,7549
221,100000018,Client_18,2019-12-31,4258,4025,7070
222,100000018,Client_18,2020-03-31,7038,4884,4100
223,100000018,Client_18,2020-06-30,1733,7366,8802
224,100000018,Client_18,2020-09-30,484,504,8275
225,100000018,Client_18,2020-12-31,2100,9960,6089
226,100000018,Client_18,2021-03-31,1560,7290,7240
227,100000018,Client_18,2021-06-30,3736,4909,4278
228,100000018,Client_18,2021-09-30,7345,6700,6097
229,100000019,Client_19,2018-12-31,2148,4880,816
230,100000019,Client_19,2019-03-31,8039,5665,4644
231,100000019,Client_19,2019-06-30,5076,3519,7339
232,100000019,Client_19,2019-09-30,9866,349,8965
233,100000019,Client_19,2019-12-31,870,4463,1177
234,100000019,Client_19,2020-03-31,8527,8680,8001
235,100000019,Client_19,2020-06-30,4958,6644,4819
236,100000019,Client_19,2020-09-30,2914,3474,1352
237,100000019,Client_19,2020-12-31,7096,4773,4630
238,100000019,Client_19,2021-03-31,6981,7049,9621
239,100000019,Client_19,2021-06-30,6341,8117,7041
240,100000019,Client_19,2021-09-30,9650,7102,1431
241,100000020,Client_20,2018-12-31,4361,7748,9650
242,100000020,Client_20,2019-03-31,5215,4737,4954
243,100000020,Client_20,2019-06-30,3277,7830,2280
244,100000020,Client_20,2019-09-30,4992,7143,237
245,100000020,Client_20,2019-12-31,6427,3572,5549
246,100000020,Client_20,2020-03-31,2932,3679,6071
247,100000020,Client_20,2020-06-30,4264,8041,5669
248,100000020,Client_20,2020-09-30,4400,6369,3918
249,100000020,Client_20,2020-12-31,2006,6354,860
250,100000020,Client_20,2021-03-31,7930,7450,6338
251,100000020,Client_20,2021-06-30,6190,6131,7787
252,100000020,Client_20,2021-09-30,9191,8572,1987
253,100000021,Client_21,2018-12-31,3366,766,4288
254,100000021,Client_21,2019-03-31,771,6877,7670
255,100000021,Client_21,2019-06-30,8056,5224,5685
256,100000021,Client_21,2019-09-30,4877,4000,6777
257,100000021,Client_21,2019-12-31,7081,6476,623
258,100000021,Client_21,2020-03-31,2493,2693,7340
259,100000021,Client_21,2020-06-30,7037,6290,5340
260,100000021,Client_21,2020-09-30,6593,2978,4243
261,100000021,Client_21,2020-12-31,3744,4532,1376
262,100000021,Client_21,2021-03-31,5911,402,738
263,100000021,Client_21,2021-06-30,155,8817,8250
264,100000021,Client_21,2021-09-30,2225,464,6909
265,100000022,Client_22,2018-12-31,4721,5226,5222
266,100000022,Client_22,2019-03-31,1746,1018,2897
267,100000022,Client_22,2019-06-30,6606,5970,1631
268,100000022,Client_22,2019-09-30,8272,3445,7773
269,100000022,Client_22,2019-12-31,7049,6982,2006
270,100000022,Client_22,2020-03-31,3186,8252,5850
271,100000022,Client_22,2020-06-30,9005,1162,2076
272,100000022,Client_22,2020-09-30,1396,6329,7741
273,100000022,Client_22,2020-12-31,225,4732,6388
274,100000022,Client_22,2021-03-31,3696,6268,9895
275,100000022,Client_22,2021-06-30,7661,8358,332
276,100000022,Client_22,2021-09-30,9461,6471,4306
277,100000023,Client_23,2018-12-31,9785,8043,6991
278,100000023,Client_23,2019-03-31,6838,2572,2839
279,100000023,Client_23,2019-06-30,5501,1861,976
280,100000023,Client_23,2019-09-30,3912,9604,1560
281,100000023,Client_23,2019-12-31,1833,1705,5722
282,100000023,Client_23,2020-03-31,6867,7086,3617
283,100000023,Client_23,2020-06-30,3835,9452,8534
284,100000023,Client_23,2020-09-30,2690,1163,4424
285,100000023,Client_23,2020-12-31,9211,5442,105
286,100000023,Client_23,2021-03-31,7589,8759,8295
287,100000023,Client_23,2021-06-30,6066,8937,217
288,100000023,Client_23,2021-09-30,2651,5660,4389
289,100000024,Client_24,2018-12-31,946,6416,6569
290,100000024,Client_24,2019-03-31,9433,9015,324
291,100000024,Client_24,2019-06-30,4308,6383,2148
292,100000024,Client_24,2019-09-30,6333,9865,1928
293,100000024,Client_24,2019-12-31,2017,4334,7088
294,100000024,Client_24,2020-03-31,2126,3844,9193
295,100000024,Client_24,2020-06-30,109,360,6138
296,100000024,Client_24,2020-09-30,9965,2319,7141
297,100000024,Client_24,2020-12-31,2160,5387,1719
298,100000024,Client_24,2021-03-31,8612,1442,2932
299,100000024,Client_24,2021-06-30,2924,2094,3590
300,100000024,Client_24,2021-09-30,9410,8084,1704
301,100000025,Client_25,2018-12-31,335,2008,8667
302,100000025,Client_25,2019-03-31,3630,5356,2735
303,100000025,Client_25,2019-06-30,8262,9862,2660
304,100000025,Client_25,2019-09-30,5515,3491,6051
305,100000025,Client_25,2019-12-31,5568,8107,9164
306,100000025,Client_25,2020-03-31,9544,6513,7041
307,100000025,Client_25,2020-06-30,9606,4920,2998
308,100000025,Client_25,2020-09-30,7646,177,7677
309,100000025,Client_25,2020-12-31,4327,700,1165
310,100000025,Client_25,2021-03-31,2236,9610,7043
311,100000025,Client_25,2021-06-30,7904,6665,6084
312,100000025,Client_25,2021-09-30,5242,4770,2290
313,100000026,Client_26,2018-12-31,9284,2812,2292
314,100000026,Client_26,2019-03-31,1348,4133,2097
315,100000026,Client_26,2019-06-30,3787,4118,2070
316,100000026,Client_26,2019-09-30,8489,5865,1302
317,100000026,Client_26,2019-12-31,8235,5667,7767
318,100000026,Client_26,2020-03-31,5842,5888,5508
319,100000026,Client_26,2020-06-30,8769,9546,1022
320,100000026,Client_26,2020-09-30,519,2304,1220
321,100000026,Client_26,2020-12-31,1050,2436,5473
322,100000026,Client_26,2021-03-31,2343,2745,4712
323,100000026,Client_26,2021-06-30,1965,6128,7426
324,100000026,Client_26,2021-09-30,6471,6459,7963
325,100000027,Client_27,2018-12-31,3328,3819,2471
326,100000027,Client_27,2019-03-31,2991,3856,4325
327,100000027,Client_27,2019-06-30,194,2774,6998
328,100000027,Client_27,2019-09-30,893,2216,5879
329,100000027,Client_27,2019-12-31,6266,914,445
330,100000027,Client_27,2020-03-31,8654,2543,7883
331,100000027,Client_27,2020-06-30,1084,7890,9931
332,100000027,Client_27,2020-09-30,927,3631,7247
333,100000027,Client_27,2020-12-31,4551,3976,6059
334,100000027,Client_27,2021-03-31,226,3277,8895
335,100000027,Client_27,2021-06-30,6124,5209,4246
336,100000027,Client_27,2021-09-30,7296,3468,3897
337,100000028,Client_28,2018-12-31,1892,5832,3576
338,100000028,Client_28,2019-03-31,3517,1745,9497
339,100000028,Client_28,2019-06-30,3130,2972,3172
340,100000028,Client_28,2019-09-30,1954,4121,4762
341,100000028,Client_28,2019-12-31,6614,5131,2808
342,100000028,Client_28,2020-03-31,7212,9624,8493
343,100000028,Client_28,2020-06-30,3607,6556,4312
344,100000028,Client_28,2020-09-30,8070,8866,636
345,100000028,Client_28,2020-12-31,1725,8073,8677
346,100000028,Client_28,2021-03-31,8170,8766,8709
347,100000028,Client_28,2021-06-30,6590,3700,6883
348,100000028,Client_28,2021-09-30,9246,5071,1305
349,100000029,Client_29,2018-12-31,2090,5399,3672
350,100000029,Client_29,2019-03-31,6075,6420,4480
351,100000029,Client_29,2019-06-30,4857,2813,5688
352,100000029,Client_29,2019-09-30,1066,5044,3532
353,100000029,Client_29,2019-12-31,788,4343,3801
354,100000029,Client_29,2020-03-31,8633,5282,6804
355,100000029,Client_29,2020-06-30,4522,1859,9281
356,100000029,Client_29,2020-09-30,2582,8158,1051
357,100000029,Client_29,2020-12-31,9014,2179,2817
358,100000029,Client_29,2021-03-31,4624,9792,8577
359,100000029,Client_29,2021-06-30,7411,7286,2165
360,100000029,Client_29,2021-09-30,868,5590,6745
361,100000030,Client_30,2018-12-31,5183,5332,5897
362,100000030,Client_30,2019-03-31,9238,5026,6116
363,100000030,Client_30,2019-06-30,3435,8138,4973
364,100000030,Client_30,2019-09-30,1581,6405,3551
365,100000030,Client_30,2019-12-31,154,7743,3562
366,100000030,Client_30,2020-03-31,932,6054,8619
367,100000030,Client_30,2020-06-30,7321,3410,3400
368,100000030,Client_30,2020-09-30,6822,7318,7876
369,100000030,Client_30,2020-12-31,3775,3154,8070
370,100000030,Client_30,2021-03-31,2243,5307,9603
371,100000030,Client_30,2021-06-30,2638,4647,5719
372,100000030,Client_30,2021-09-30,8456,6712,5105
373,100000031,Client_31,2018-12-31,922,1043,6250
374,100000031,Client_31,2019-03-31,4525,9066,2298
375,100000031,Client_31,2019-06-30,4342,3795,3552
376,100000031,Client_31,2019-09-30,9206,1408,4277
377,100000031,Client_31,2019-12-31,8805,6952,6135
378,100000031,Client_31,2020-03-31,3694,4941,1509
379,100000031,Client_31,2020-06-30,4666,4591,1655
380,100000031,Client_31,2020-09-30,904,1379,7183
381,100000031,Client_31,2020-12-31,6086,5719,1487
382,100000031,Client_31,2021-03-31,2779,2206,8273
383,100000031,Client_31,2021-06-30,4323,4931,2868
384,100000031,Client_31,2021-09-30,3286,2673,2699
385,100000032,Client_32,2018-12-31,4133,8528,1404
386,100000032,Client_32,2019-03-31,7468,5977,1401
387,100000032,Client_32,2019-06-30,2641,2151,6909
388,100000032,Client_32,2019-09-30,8733,9096,174
389,100000032,Client_32,2019-12-31,7081,5575,8332
390,100000032,Client_32,2020-03-31,7284,5896,7241
391,100000032,Client_32,2020-06-30,1722,8141,441
392,100000032,Client_32,2020-09-30,2174,8092,745
393,100000032,Client_32,2020-12-31,4363,8901,6236
394,100000032,Client_32,2021-03-31,8746,3069,3128
395,100000032,Client_32,2021-06-30,7743,2781,3729
396,100000032,Client_32,2021-09-30,4325,3167,6041
397,100000033,Client_33,2018-12-31,1486,2966,4888
398,100000033,Client_33,2019-03-31,5590,4224,8440
399,100000033,Client_33,2019-06-30,3950,5515,7779
400,100000033,Client_33,2019-09-30,6919,9428,8478
401,100000033,Client_33,2019-12-31,9542,1433,4250
402,100000033,Client_33,2020-03-31,6866,2811,4953
403,100000033,Client_33,2020-06-30,6312,7579,5508
404,100000033,Client_33,2020-09-30,7815,9042,1862
405,100000033,Client_33,2020-12-31,7201,7774,6222
406,100000033,Client_33,2021-03-31,581,253,7717
407,100000033,Client_33,2021-06-30,1624,2220,2443
408,100000033,Client_33,2021-09-30,5236,5860,1340
409,100000034,Client_34,2018-12-31,160,9230,1739
410,100000034,Client_34,2019-03-31,6285,8070,1352
411,100000034,Client_34,2019-06-30,4303,8463,9750
412,100000034,Client_34,2019-09-30,3649,4297,7109
413,100000034,Client_34,2019-12-31,6767,2422,9928
414,100000034,Client_34,2020-03-31,4190,7060,3104
415,100000034,Client_34,2020-06-30,5236,429,3740
416,100000034,Client_34,2020-09-30,8082,4207,1441
417,100000034,Client_34,2020-12-31,8507,438,5995
418,100000034,Client_34,2021-03-31,2808,1850,5704
419,100000034,Client_34,2021-06-30,2521,7219,9001
420,100000034,Client_34,2021-09-30,5419,6709,5487
421,100000035,Client_35,2018-12-31,4093,8780,8144
422,100000035,Client_35,2019-03-31,8338,4973,4906
423,100000035,Client_35,2019-06-30,8692,6013,7224
424,100000035,Client_35,2019-09-30,3257,490,4530
425,100000035,Client_35,2019-12-31,8920,7786,4332
426,100000035,Client_35,2020-03-31,8107,1621,9118
427,100000035,Client_35,2020-06-30,1600,6837,3394
428,100000035,Client_35,2020-09-30,5185,2519,9226
429,100000035,Client_35,2020-12-31,3142,4597,1566
430,100000035,Client_35,2021-03-31,3661,714,5492
431,100000035,Client_35,2021-06-30,7793,9474,3323
432,100000035,Client_35,2021-09-30,7238,2767,8080
433,100000036,Client_36,2018-12-31,230,3083,4378
434,100000036,Client_36,2019-03-31,7226,8330,7794
435,100000036,Client_36,2019-06-30,6740,5568,1020
436,100000036,Client_36,2019-09-30,7664,8784,9423
437,100000036,Client_36,2019-12-31,8602,9030,3341
438,100000036,Client_36,2020-03-31,645,4446,3910
439,100000036,Client_36,2020-06-30,7306,9105,2132
440,100000036,Client_36,2020-09-30,8536,371,3611
441,100000036,Client_36,2020-12-31,1871,9554,4461
442,100000036,Client_36,2021-03-31,7169,1020,8290
443,100000036,Client_36,2021-06-30,3530,4535,3860
444,100000036,Client_36,2021-09-30,2150,1265,8667
445,100000037,Client_37,2018-12-31,2133,6567,245
446,100000037,Client_37,2019-03-31,4488,7932,8723
447,100000037,Client_37,2019-06-30,8996,8273,2732
448,100000037,Client_37,2019-09-30,4594,8156,7611
449,100000037,Client_37,2019-12-31,9255,1928,9230
450,100000037,Client_37,2020-03-31,4905,906,9755
451,100000037,Client_37,2020-06-30,7586,8302,1968
452,100000037,Client_37,2020-09-30,7978,5790,7927
453,100000037,Client_37,2020-12-31,5529,9176,3664
454,100000037,Client_37,2021-03-31,1489,7374,924
455,100000037,Client_37,2021-06-30,2365,1036,6502
456,100000037,Client_37,2021-09-30,3945,1896,8345
457,100000038,Client_38,2018-12-31,7314,826,2836
458,100000038,Client_38,2019-03-31,2013,9888,7757
459,100000038,Client_38,2019-06-30,2566,9141,7412
460,100000038,Client_38,2019-09-30,8294,8006,4976
461,100000038,Client_38,2019-12-31,7387,992,4775
462,100000038,Client_38,2020-03-31,2033,1480,1390
463,100000038,Client_38,2020-06-30,1740,7590,9279
464,100000038,Client_38,2020-09-30,1318,5116,6981
465,100000038,Client_38,2020-12-31,9647,9852,9710
466,100000038,Client_38,2021-03-31,1054,9275,7391
467,100000038,Client_38,2021-06-30,1074,4233,5470
468,100000038,Client_38,2021-09-30,4072,5395,9205
469,100000039,Client_39,2018-12-31,8328,3120,9087
470,100000039,Client_39,2019-03-31,4136,5168,5333
471,100000039,Client_39,2019-06-30,9616,417,2496
472,100000039,Client_39,2019-09-30,2262,2845,1691
473,100000039,Client_39,2019-12-31,6283,4030,1412
474,100000039,Client_39,2020-03-31,9577,4411,7414
475,100000039,Client_39,2020-06-30,2483,3339,2239
476,100000039,Client_39,2020-09-30,1804,7024,462
477,100000039,Client_39,2020-12-31,2704,4386,3838
478,100000039,Client_39,2021-03-31,2569,4895,6250
479,100000039,Client_39,2021-06-30,656,9117,2908
480,100000039,Client_39,2021-09-30,5250,7661,2819
481,100000040,Client_40,2018-12-31,6606,3841,9866
482,100000040,Client_40,2019-03-31,4098,2503,8880
483,100000040,Client_40,2019-06-30,9839,394,5443
484,100000040,Client_40,2019-09-30,9982,1236,2164
485,100000040,Client_40,2019-12-31,7109,4643,1107
486,100000040,Client_40,2020-03-31,5545,5452,9539
487,100000040,Client_40,2020-06-30,1535,671,2482
488,100000040,Client_40,2020-09-30,9537,5184,377
489,100000040,Client_40,2020-12-31,7159,1987,1365
490,100000040,Client_40,2021-03-31,7591,1140,9209
491,100000040,Client_40,2021-06-30,8173,9177,2852
492,100000040,Client_40,2021-09-30,8313,4669,6453
493,100000041,Client_41,2018-12-31,2453,7537,4899
494,100000041,Client_41,2019-03-31,786,8576,4911
495,100000041,Client_41,2019-06-30,9054,5446,5143
496,100000041,Client_41,2019-09-30,2528,5226,8320
497,100000041,Client_41,2019-12-31,9198,7913,9745
498,100000041,Client_41,2020-03-31,3456,8807,7366
499,100000041,Client_41,2020-06-30,6640,138,3442
500,100000041,Client_41,2020-09-30,9178,2944,1198
501,100000041,Client_41,2020-12-31,7127,1923,3255
502,100000041,Client_41,2021-03-31,3193,5758,3878
503,100000041,Client_41,2021-06-30,2996,1088,4216
504,100000041,Client_41,2021-09-30,6546,4279,1782
505,100000042,Client_42,2018-12-31,5726,7524,1033
506,100000042,Client_42,2019-03-31,3698,2080,3156
507,100000042,Client_42,2019-06-30,9084,891,5490
508,100000042,Client_42,2019-09-30,6735,2355,3710
509,100000042,Client_42,2019-12-31,1707,5279,6673
510,100000042,Client_42,2020-03-31,1084,5876,3776
511,100000042,Client_42,2020-06-30,3480,8811,8882
512,100000042,Client_42,2020-09-30,1150,3733,6442
513,100000042,Client_42,2020-12-31,1059,6159,8984
514,100000042,Client_42,2021-03-31,5755,4573,3046
515,100000042,Client_42,2021-06-30,7825,626,3324
516,100000042,Client_42,2021-09-30,1975,1863,8812
517,100000043,Client_43,2018-12-31,5897,9308,7199
518,100000043,Client_43,2019-03-31,5209,6744,216
519,100000043,Client_43,2019-06-30,2533,5563,683
520,100000043,Client_43,2019-09-30,8686,3888,4267
521,100000043,Client_43,2019-12-31,8565,1489,8457
522,100000043,Client_43,2020-03-31,9859,6254,5520
523,100000043,Client_43,2020-06-30,9020,2143,4297
524,100000043,Client_43,2020-09-30,3596,878,313
525,100000043,Client_43,2020-12-31,3862,9868,6831
526,100000043,Client_43,2021-03-31,3217,5891,8883
527,100000043,Client_43,2021-06-30,2820,9005,9227
528,100000043,Client_43,2021-09-30,6147,8132,101
529,100000044,Client_44,2018-12-31,6468,2049,6832
530,100000044,Client_44,2019-03-31,7933,1017,3274
531,100000044,Client_44,2019-06-30,7114,189,1809
532,100000044,Client_44,2019-09-30,3141,205,9178
533,100000044,Client_44,2019-12-31,8719,1995,6190
534,100000044,Client_44,2020-03-31,8608,6182,734
535,100000044,Client_44,2020-06-30,2025,2156,7017
536,100000044,Client_44,2020-09-30,3244,9731,652
537,100000044,Client_44,2020-12-31,9007,5483,4011
538,100000044,Client_44,2021-03-31,3489,9399,8542
539,100000044,Client_44,2021-06-30,2530,558,307
540,100000044,Client_44,2021-09-30,999,121,8701
541,100000045,Client_45,2018-12-31,994,614,7394
542,100000045,Client_45,2019-03-31,5004,7967,4209
543,100000045,Client_45,2019-06-30,7279,1660,1366
544,100000045,Client_45,2019-09-30,3738,9041,3527
545,100000045,Client_45,2019-12-31,4880,2027,2456
546,100000045,Client_45,2020-03-31,4890,406,8079
547,100000045,Client_45,2020-06-30,3765,7157,761
548,100000045,Client_45,2020-09-30,4744,8603,3020
549,100000045,Client_45,2020-12-31,9374,9046,6336
550,100000045,Client_45,2021-03-31,6178,452,9194
551,100000045,Client_45,2021-06-30,7105,258,1056
552,100000045,Client_45,2021-09-30,2171,8695,9679
553,100000046,Client_46,2018-12-31,3553,6775,1055
554,100000046,Client_46,2019-03-31,6395,1812,4803
555,100000046,Client_46,2019-06-30,6663,9565,5731
556,100000046,Client_46,2019-09-30,9733,1494,9561
557,100000046,Client_46,2019-12-31,4832,3814,629
558,100000046,Client_46,2020-03-31,3058,8004,3691
559,100000046,Client_46,2020-06-30,6995,9231,625
560,100000046,Client_46,2020-09-30,6577,101,474
561,100000046,Client_46,2020-12-31,4748,2465,1625
562,100000046,Client_46,2021-03-31,1746,113,4699
563,100000046,Client_46,2021-06-30,2378,3255,8421
564,100000046,Client_46,2021-09-30,3914,3316,8319
565,100000047,Client_47,2018-12-31,2213,9544,4456
566,100000047,Client_47,2019-03-31,5643,4655,7162
567,100000047,Client_47,2019-06-30,3474,6530,3566
568,100000047,Client_47,2019-09-30,3181,729,369
569,100000047,Client_47,2019-12-31,5824,5997,3532
570,100000047,Client_47,2020-03-31,9572,6376,5995
571,100000047,Client_47,2020-06-30,7215,6756,675
572,100000047,Client_47,2020-09-30,7129,6199,9599
573,100000047,Client_47,2020-12-31,3292,3278,6152
574,100000047,Client_47,2021-03-31,2834,6216,3668
575,100000047,Client_47,2021-06-30,9947,9871,2303
576,100000047,Client_47,2021-09-30,1490,1842,2025
577,100000048,Client_48,2018-12-31,719,1374,1056
578,100000048,Client_48,2019-03-31,2039,4053,1068
579,100000048,Client_48,2019-06-30,9608,9335,381
580,100000048,Client_48,2019-09-30,6362,1158,4393
581,100000048,Client_48,2019-12-31,5278,7080,9300
582,100000048,Client_48,2020-03-31,1329,9327,4685
583,100000048,Client_48,2020-06-30,8567,2840,2389
584,100000048,Client_48,2020-09-30,1339,5470,225
585,100000048,Client_48,2020-12-31,7573,9500,5442
586,100000048,Client_48,2021-03-31,7451,6738,6670
587,100000048,Client_48,2021-06-30,3349,9210,7695
588,100000048,Client_48,2021-09-30,6394,6627,5857
589,100000049,Client_49,2018-12-31,2069,991,4570
590,100000049,Client_49,2019-03-31,7275,9656,8420
591,100000049,Client_49,2019-06-30,9306,6912,7619
592,100000049,Client_49,2019-09-30,4712,9810,1298
593,100000049,Client_49,2019-12-31,5338,6189,6357
594,100000049,Client_49,2020-03-31,7805,3819,402
595,100000049,Client_49,2020-06-30,1086,4540,5009
596,100000049,Client_49,2020-09-30,3172,3224,9619
597,100000049,Client_49,2020-12-31,8225,3391,4133
598,100000049,Client_49,2021-03-31,5205,803,8233
599,100000049,Client_49,2021-06-30,674,5804,7948
600,100000049,Client_49,2021-09-30,5308,7024,3928
601,100000050,Client_50,2018-12-31,3330,588,7214
602,100000050,Client_50,2019-03-31,9639,3273,1767
603,100000050,Client_50,2019-06-30,9929,4214,3653
604,100000050,Client_50,2019-09-30,7861,1100,9142
605,100000050,Client_50,2019-12-31,1488,5550,3812
606,100000050,Client_50,2020-03-31,1467,8289,9113
607,100000050,Client_50,2020-06-30,554,9916,2872
608,100000050,Client_50,2020-09-30,3826,7332,4906
609,100000050,Client_50,2020-12-31,2290,9208,2975
610,100000050,Client_50,2021-03-31,5692,1540,9027
611,100000050,Client_50,2021-06-30,6159,7110,7217
612,100000050,Client_50,2021-09-30,9253,3089,9318
613,100000051,Client_51,2018-12-31,6328,6571,2963
614,100000051,Client_51,2019-03-31,1277,4860,111
615,100000051,Client_51,2019-06-30,5352,4499,8334
616,100000051,Client_51,2019-09-30,9235,5545,6670
617,100000051,Client_51,2019-12-31,9296,8312,506
618,100000051,Client_51,2020-03-31,9306,4531,5343
619,100000051,Client_51,2020-06-30,6642,7036,9006
620,100000051,Client_51,2020-09-30,4246,240,4982
621,100000051,Client_51,2020-12-31,6112,1063,7251
622,100000051,Client_51,2021-03-31,8664,3710,9984
623,100000051,Client_51,2021-06-30,6994,7411,205
624,100000051,Client_51,2021-09-30,5639,9973,6887
625,100000052,Client_52,2018-12-31,2237,4545,3630
626,100000052,Client_52,2019-03-31,1386,7152,3754
627,100000052,Client_52,2019-06-30,7202,2459,8205
628,100000052,Client_52,2019-09-30,8736,6541,5147
629,100000052,Client_52,2019-12-31,8327,5303,9767
630,100000052,Client_52,2020-03-31,1898,9700,5391
631,100000052,Client_52,2020-06-30,5595,6384,7385
632,100000052,Client_52,2020-09-30,1400,6969,9535
633,100000052,Client_52,2020-12-31,3197,4716,109
634,100000052,Client_52,2021-03-31,5852,9952,6395
635,100000052,Client_52,2021-06-30,4915,1172,3325
636,100000052,Client_52,2021-09-30,1416,5799,6907
637,100000053,Client_53,2018-12-31,6774,3783,7327
638,100000053,Client_53,2019-03-31,3373,7100,245
639,100000053,Client_53,2019-06-30,5110,3140,9754
640,100000053,Client_53,2019-09-30,9876,582,3279
641,100000053,Client_53,2019-12-31,1349,730,8953
642,100000053,Client_53,2020-03-31,2952,1087,7722
643,100000053,Client_53,2020-06-30,7427,9838,8941
644,100000053,Client_53,2020-09-30,9260,1200,6752
645,100000053,Client_53,2020-12-31,8732,7521,5116
646,100000053,Client_53,2021-03-31,869,1443,4458
647,100000053,Client_53,2021-06-30,9869,6880,6702
648,100000053,Client_53,2021-09-30,2449,5799,1341
649,100000054,Client_54,2018-12-31,1225,9482,6864
650,100000054,Client_54,2019-03-31,5201,7943,172
651,100000054,Client_54,2019-06-30,5572,5289,2572
652,100000054,Client_54,2019-09-30,807,1904,6804
653,100000054,Client_54,2019-12-31,3813,5151,2575
654,100000054,Client_54,2020-03-31,3710,4355,7497
655,100000054,Client_54,2020-06-30,1835,9877,8358
656,100000054,Client_54,2020-09-30,8079,2528,7526
657,100000054,Client_54,2020-12-31,8633,5349,5391
658,100000054,Client_54,2021-03-31,2917,9524,3974
659,100000054,Client_54,2021-06-30,9786,4311,761
660,100000054,Client_54,2021-09-30,3474,9308,307
661,100000055,Client_55,2018-12-31,2765,2593,6913
662,100000055,Client_55,2019-03-31,732,3183,3819
663,100000055,Client_55,2019-06-30,7223,1779,336
664,100000055,Client_55,2019-09-30,7546,4543,6870
665,100000055,Client_55,2019-12-31,9832,6199,8655
666,100000055,Client_55,2020-03-31,2468,385,248
667,100000055,Client_55,2020-06-30,4137,6649,7221
668,100000055,Client_55,2020-09-30,4995,5380,1112
669,100000055,Client_55,2020-12-31,9815,2885,3825
670,100000055,Client_55,2021-03-31,4676,5882,6357
671,100000055,Client_55,2021-06-30,9893,2508,440
672,100000055,Client_55,2021-09-30,2917,2596,6062
673,100000056,Client_56,2018-12-31,5399,7674,1789
674,100000056,Client_56,2019-03-31,3367,4506,8553
675,100000056,Client_56,2019-06-30,1542,8697,4537
676,100000056,Client_56,2019-09-30,5535,8535,4207
677,100000056,Client_56,2019-12-31,660,8885,5648
678,100000056,Client_56,2020-03-31,1926,7729,8425
679,100000056,Client_56,2020-06-30,3238,7793,8364
680,100000056,Client_56,2020-09-30,7942,6821,7102
681,100000056,Client_56,2020-12-31,4325,3078,7473
682,100000056,Client_56,2021-03-31,6007,6197,5756
683,100000056,Client_56,2021-06-30,9084,4359,8386
684,100000056,Client_56,2021-09-30,6001,9425,5017
685,100000057,Client_57,2018-12-31,8529,2630,2060
686,100000057,Client_57,2019-03-31,7145,1148,5872
687,100000057,Client_57,2019-06-30,2629,3064,7237
688,100000057,Client_57,2019-09-30,1063,636,7440
689,100000057,Client_57,2019-12-31,7279,8067,8834
690,100000057,Client_57,2020-03-31,945,5877,3136
691,100000057,Client_57,2020-06-30,6047,2594,2819
692,100000057,Client_57,2020-09-30,1984,4449,5279
693,100000057,Client_57,2020-12-31,6710,6530,7254
694,100000057,Client_57,2021-03-31,6588,4837,6625
695,100000057,Client_57,2021-06-30,3950,789,5275
696,100000057,Client_57,2021-09-30,8748,5178,5548
697,100000058,Client_58,2018-12-31,1279,9174,6506
698,100000058,Client_58,2019-03-31,8691,7007,8900
699,100000058,Client_58,2019-06-30,1738,5771,7028
700,100000058,Client_58,2019-09-30,1482,1503,9111
701,100000058,Client_58,2019-12-31,3392,9111,519
702,100000058,Client_58,2020-03-31,4617,3402,7957
703,100000058,Client_58,2020-06-30,9800,7970,5793
704,100000058,Client_58,2020-09-30,867,2144,1649
705,100000058,Client_58,2020-12-31,6240,3816,4581
706,100000058,Client_58,2021-03-31,7998,6648,2393
707,100000058,Client_58,2021-06-30,4937,7858,6893
708,100000058,Client_58,2021-09-30,7738,8093,6107
709,100000059,Client_59,2018-12-31,5642,9192,6456
710,100000059,Client_59,2019-03-31,8533,7480,2485
711,100000059,Client_59,2019-06-30,4368,771,263
712,100000059,Client_59,2019-09-30,8756,4692,4895
713,100000059,Client_59,2019-12-31,4898,6136,2455
714,100000059,Client_59,2020-03-31,5987,8061,5927
715,100000059,Client_59,2020-06-30,8837,4819,693
716,100000059,Client_59,2020-09-30,4939,7494,9751
717,100000059,Client_59,2020-12-31,3593,6264,2772
718,100000059,Client_59,2021-03-31,4300,116,3291
719,100000059,Client_59,2021-06-30,492,8716,6372
720,100000059,Client_59,2021-09-30,671,3731,6272
721,100000060,Client_60,2018-12-31,9412,7277,8533
722,100000060,Client_60,2019-03-31,3997,8223,2379
723,100000060,Client_60,2019-06-30,9080,7551,9006
724,100000060,Client_60,2019-09-30,875,6969,2347
725,100000060,Client_60,2019-12-31,7188,178,8180
726,100000060,Client_60,2020-03-31,7199,4026,9147
727,100000060,Client_60,2020-06-30,7440,7183,6330
728,100000060,Client_60,2020-09-30,9323,5040,3371
729,100000060,Client_60,2020-12-31,3556,7888,8699
730,100000060,Client_60,2021-03-31,7750,2811,1768
731,100000060,Client_60,2021-06-30,247,6520,465
732,100000060,Client_60,2021-09-30,9966,4631,5430
733,100000061,Client_61,2018-12-31,5610,8854,9064
734,100000061,Client_61,2019-03-31,6593,5539,9865
735,100000061,Client_61,2019-06-30,6611,7604,1346
736,100000061,Client_61,2019-09-30,3939,8651,2476
737,100000061,Client_61,2019-12-31,3109,9254,1927
738,100000061,Client_61,2020-03-31,7079,9905,9932
739,100000061,Client_61,2020-06-30,8669,4385,7010
740,100000061,Client_61,2020-09-30,8661,2296,3847
741,100000061,Client_61,2020-12-31,8943,6078,5707
742,100000061,Client_61,2021-03-31,869,880,6403
743,100000061,Client_61,2021-06-30,4083,9603,8814
744,100000061,Client_61,2021-09-30,621,9227,7669
745,100000062,Client_62,2018-12-31,5884,4683,6046
746,100000062,Client_62,2019-03-31,5041,6367,7228
747,100000062,Client_62,2019-06-30,2561,785,2260
748,100000062,Client_62,2019-09-30,7131,9859,5441
749,100000062,Client_62,2019-12-31,138,4975,1356
750,100000062,Client_62,2020-03-31,7797,2296,7265
751,100000062,Client_62,2020-06-30,401,7627,6481
752,100000062,Client_62,2020-09-30,746,8889,8953
753,100000062,Client_62,2020-12-31,4430,9660,7103
754,100000062,Client_62,2021-03-31,3637,4658,6679
755,100000062,Client_62,2021-06-30,8574,9778,4182
756,100000062,Client_62,2021-09-30,4283,8752,3854
757,100000063,Client_63,2018-12-31,1824,1476,8806
758,100000063,Client_63,2019-03-31,8994,1753,2166
759,100000063,Client_63,2019-06-30,122,2560,6026
760,100000063,Client_63,2019-09-30,6351,9596,7395
761,100000063,Client_63,2019-12-31,3400,6379,8653
762,100000063,Client_63,2020-03-31,7453,3827,6372
763,100000063,Client_63,2020-06-30,6095,9576,614
764,100000063,Client_63,2020-09-30,548,6119,5443
765,100000063,Client_63,2020-12-31,8133,2620,3181
766,100000063,Client_63,2021-03-31,1528,4067,6545
767,100000063,Client_63,2021-06-30,9214,2259,5232
768,100000063,Client_63,2021-09-30,2647,3079,2749
769,100000064,Client_64,2018-12-31,8605,3183,1137
770,100000064,Client_64,2019-03-31,3589,7704,7644
771,100000064,Client_64,2019-06-30,2734,4083,1878
772,100000064,Client_64,2019-09-30,8002,5210,5289
773,100000064,Client_64,2019-12-31,7478,1224,797
774,100000064,Client_64,2020-03-31,2279,9696,5351
775,100000064,Client_64,2020-06-30,9335,2029,1113
776,100000064,Client_64,2020-09-30,326,7421,1928
777,100000064,Client_64,2020-12-31,8009,5688,2123
778,100000064,Client_64,2021-03-31,5066,5991,1180
779,100000064,Client_64,2021-06-30,5136,2663,3392
780,100000064,Client_64,2021-09-30,3686,4531,6941
781,100000065,Client_65,2018-12-31,6743,4059,261
782,100000065,Client_65,2019-03-31,693,3490,6097
783,100000065,Client_65,2019-06-30,6454,763,9424
784,100000065,Client_65,2019-09-30,641,5533,5193
785,100000065,Client_65,2019-12-31,967,8723,5569
786,100000065,Client_65,2020-03-31,6356,9498,1269
787,100000065,Client_65,2020-06-30,930,1751,1236
788,100000065,Client_65,2020-09-30,2910,8767,9618
789,100000065,Client_65,2020-12-31,1119,5337,1383
790,100000065,Client_65,2021-03-31,759,2110,8690
791,100000065,Client_65,2021-06-30,1833,2225,2271
792,100000065,Client_65,2021-09-30,8366,3571,9128
793,100000066,Client_66,2018-12-31,5724,8791,8429
794,100000066,Client_66,2019-03-31,2197,5168,6497
795,100000066,Client_66,2019-06-30,2857,4020,8286
796,100000066,Client_66,2019-09-30,2000,2710,7000
797,100000066,Client_66,2019-12-31,1549,8838,5117
798,100000066,Client_66,2020-03-31,8099,6152,2196
799,100000066,Client_66,2020-06-30,8995,6504,9917
800,100000066,Client_66,2020-09-30,3431,7562,5205
801,100000066,Client_66,2020-12-31,3078,2939,3484
802,100000066,Client_66,2021-03-31,785,7631,4383
803,100000066,Client_66,2021-06-30,7836,7810,1719
804,100000066,Client_66,2021-09-30,6968,1531,9167
805,100000067,Client_67,2018-12-31,4813,9657,9535
806,100000067,Client_67,2019-03-31,5098,262,2074
807,100000067,Client_67,2019-06-30,3391,8561,731
808,100000067,Client_67,2019-09-30,1005,2114,9933
809,100000067,Client_67,2019-12-31,7996,304,681
810,100000067,Client_67,2020-03-31,5775,9132,5447
811,100000067,Client_67,2020-06-30,2743,8117,2397
812,100000067,Client_67,2020-09-30,974,5660,789
813,100000067,Client_67,2020-12-31,4100,9714,771
814,100000067,Client_67,2021-03-31,8027,1271,5691
815,100000067,Client_67,2021-06-30,9235,6442,1549
816,100000067,Client_67,2021-09-30,2639,4059,6385
817,100000068,Client_68,2018-12-31,5532,4360,2461
818,100000068,Client_68,2019-03-31,6264,3770,1853
819,100000068,Client_68,2019-06-30,8200,2038,8662
820,100000068,Client_68,2019-09-30,6076,6688,8716
821,100000068,Client_68,2019-12-31,6404,7445,7975
822,100000068,Client_68,2020-03-31,9186,6733,697
823,100000068,Client_68,2020-06-30,3162,2436,9979
824,100000068,Client_68,2020-09-30,672,7621,6271
825,100000068,Client_68,2020-12-31,7197,2190,6666
826,100000068,Client_68,2021-03-31,4724,1733,1617
827,100000068,Client_68,2021-06-30,3748,1637,3237
828,100000068,Client_68,2021-09-30,7085,197,3850
829,100000069,Client_69,2018-12-31,8635,8274,8203
830,100000069,Client_69,2019-03-31,5513,4766,710
831,100000069,Client_69,2019-06-30,1827,1954,5155
832,100000069,Client_69,2019-09-30,2424,9469,9383
833,100000069,Client_69,2019-12-31,5874,6619,1849
834,100000069,Client_69,2020-03-31,881,7648,6923
835,100000069,Client_69,2020-06-30,2205,3967,7293
836,100000069,Client_69,2020-09-30,5076,2213,5979
837,100000069,Client_69,2020-12-31,4070,9359,7364
838,100000069,Client_69,2021-03-31,1677,9303,2374
839,100000069,Client_69,2021-06-30,4969,6844,2526
840,100000069,Client_69,2021-09-30,5646,6952,2651
841,100000070,Client_70,2018-12-31,6511,107,8187
842,100000070,Client_70,2019-03-31,2655,575,5516
843,100000070,Client_70,2019-06-30,8776,7339,6810
844,100000070,Client_70,2019-09-30,5100,4754,8178
845,100000070,Client_70,2019-12-31,6163,2385,5323
846,100000070,Client_70,2020-03-31,7071,3625,2922
847,100000070,Client_70,2020-06-30,5043,6630,358
848,100000070,Client_70,2020-09-30,382,1998,4235
849,100000070,Client_70,2020-12-31,6729,3300,5210
850,100000070,Client_70,2021-03-31,7267,712,787
851,100000070,Client_70,2021-06-30,3790,8904,2407
852,100000070,Client_70,2021-09-30,7233,6609,6006
853,100000071,Client_71,2018-12-31,2691,7283,5348
854,100000071,Client_71,2019-03-31,8866,5208,3704
855,100000071,Client_71,2019-06-30,769,4464,7429
856,100000071,Client_71,2019-09-30,1383,1023,1225
857,100000071,Client_71,2019-12-31,1629,9886,8538
858,100000071,Client_71,2020-03-31,3811,8104,9852
859,100000071,Client_71,2020-06-30,6374,3964,7933
860,100000071,Client_71,2020-09-30,6888,326,364
861,100000071,Client_71,2020-12-31,9687,745,7644
862,100000071,Client_71,2021-03-31,5669,3090,2604
863,100000071,Client_71,2021-06-30,9446,687,9277
864,100000071,Client_71,2021-09-30,4179,3448,6399
865,100000072,Client_72,2018-12-31,3931,9533,8481
866,100000072,Client_72,2019-03-31,9272,9990,1815
867,100000072,Client_72,2019-06-30,6550,5533,1198
868,100000072,Client_72,2019-09-30,7196,2426,9187
869,100000072,Client_72,2019-12-31,6516,7080,6863
870,100000072,Client_72,2020-03-31,1774,8050,9222
871,100000072,Client_72,2020-06-30,9015,6149,1189
872,100000072,Client_72,2020-09-30,4678,9227,255
873,100000072,Client_72,2020-12-31,9362,2058,6444
874,100000072,Client_72,2021-03-31,5879,6244,5163
875,100000072,Client_72,2021-06-30,3930,9146,8931
876,100000072,Client_72,2021-09-30,9894,6759,541
877,100000073,Client_73,2018-12-31,6140,6025,7458
878,100000073,Client_73,2019-03-31,4728,6470,9628
879,100000073,Client_73,2019-06-30,1048,8279,6215
880,100000073,Client_73,2019-09-30,559,7668,4746
881,100000073,Client_73,2019-12-31,492,1887,7474
882,100000073,Client_73,2020-03-31,1238,4841,7518
883,100000073,Client_73,2020-06-30,6462,2554,9758
884,100000073,Client_73,2020-09-30,3774,1477,6801
885,100000073,Client_73,2020-12-31,2697,241,2759
886,100000073,Client_73,2021-03-31,4696,9131,5761
887,100000073,Client_73,2021-06-30,6242,5726,8887
888,100000073,Client_73,2021-09-30,8572,523,7099
889,100000074,Client_74,2018-12-31,4349,1850,4857
890,100000074,Client_74,2019-03-31,2067,4188,4278
891,100000074,Client_74,2019-06-30,7889,3046,9741
892,100000074,Client_74,2019-09-30,5494,7980,5175
893,100000074,Client_74,2019-12-31,7330,1631,3090
894,100000074,Client_74,2020-03-31,7255,4593,9435
895,100000074,Client_74,2020-06-30,1033,1560,2823
896,100000074,Client_74,2020-09-30,385,364,6916
897,100000074,Client_74,2020-12-31,1862,140,5927
898,100000074,Client_74,2021-03-31,8359,1087,7904
899,100000074,Client_74,2021-06-30,7889,5817,3298
900,100000074,Client_74,2021-09-30,5474,4890,7283
901,100000075,Client_75,2018-12-31,2624,9377,2579
902,100000075,Client_75,2019-03-31,9985,5254,878
903,100000075,Client_75,2019-06-30,9877,1592,760
904,100000075,Client_75,2019-09-30,1448,9591,7951
905,100000075,Client_75,2019-12-31,7256,2144,7468
906,100000075,Client_75,2020-03-31,3616,9350,9268
907,100000075,Client_75,2020-06-30,4677,827,7568
908,100000075,Client_75,2020-09-30,442,1547,6681
909,100000075,Client_75,2020-12-31,6417,626,6848
910,100000075,Client_75,2021-03-31,505,8086,9865
911,100000075,Client_75,2021-06-30,3840,1946,1578
912,100000075,Client_75,2021-09-30,871,5625,8870
913,100000076,Client_76,2018-12-31,293,2107,1285
914,100000076,Client_76,2019-03-31,2494,9402,4105
915,100000076,Client_76,2019-06-30,7529,2361,3836
916,100000076,Client_76,2019-09-30,6816,4975,9021
917,100000076,Client_76,2019-12-31,4478,7915,3551
918,100000076,Client_76,2020-03-31,7716,9936,2900
919,100000076,Client_76,2020-06-30,8433,5510,1555
920,100000076,Client_76,2020-09-30,6992,5908,6896
921,100000076,Client_76,2020-12-31,4896,5193,1425
922,100000076,Client_76,2021-03-31,5076,9505,1259
923,100000076,Client_76,2021-06-30,4750,5087,4797
924,100000076,Client_76,2021-09-30,440,3928,2068
925,100000077,Client_77,2018-12-31,803,5582,6476
926,100000077,Client_77,2019-03-31,1900,5563,5012
927,100000077,Client_77,2019-06-30,4748,955,2966
928,100000077,Client_77,2019-09-30,282,3212,5770
929,100000077,Client_77,2019-12-31,4592,5923,1617
930,100000077,Client_77,2020-03-31,5102,1456,3729
931,100000077,Client_77,2020-06-30,3728,8310,6232
932,100000077,Client_77,2020-09-30,9424,6688,3411
933,100000077,Client_77,2020-12-31,6148,6346,1087
934,100000077,Client_77,2021-03-31,3421,4715,8465
935,100000077,Client_77,2021-06-30,3841,3152,6674
936,100000077,Client_77,2021-09-30,826,3860,5906
937,100000078,Client_78,2018-12-31,1975,7093,4133
938,100000078,Client_78,2019-03-31,5543,1089,3844
939,100000078,Client_78,2019-06-30,8711,693,1874
940,100000078,Client_78,2019-09-30,1035,3908,431
941,100000078,Client_78,2019-12-31,8022,2802,5989
942,100000078,Client_78,2020-03-31,5154,3968,4300
943,100000078,Client_78,2020-06-30,301,2597,1942
944,100000078,Client_78,2020-09-30,9201,4758,7644
945,100000078,Client_78,2020-12-31,7818,870,3255
946,100000078,Client_78,2021-03-31,1728,486,6131
947,100000078,Client_78,2021-06-30,6539,6501,4108
948,100000078,Client_78,2021-09-30,2566,2382,1956
949,100000079,Client_79,2018-12-31,8080,2098,5576
950,100000079,Client_79,2019-03-31,9528,4769,9442
951,100000079,Client_79,2019-06-30,4418,7164,7546
952,100000079,Client_79,2019-09-30,1531,5724,7561
953,100000079,Client_79,2019-12-31,1919,1230,6663
954,100000079,Client_79,2020-03-31,2758,3600,8666
955,100000079,Client_79,2020-06-30,2220,4120,3359
956,100000079,Client_79,2020-09-30,1923,1574,2342
957,100000079,Client_79,2020-12-31,3343,7090,5260
958,100000079,Client_79,2021-03-31,3234,2170,459
959,100000079,Client_79,2021-06-30,1241,1735,4100
960,100000079,Client_79,2021-09-30,3461,6683,7935
961,100000080,Client_80,2018-12-31,106,3367,6664
962,100000080,Client_80,2019-03-31,9883,5028,2706
963,100000080,Client_80,2019-06-30,6006,3373,7711
964,100000080,Client_80,2019-09-30,1013,2111,1542
965,100000080,Client_80,2019-12-31,5646,1929,8867
966,100000080,Client_80,2020-03-31,6568,1029,3799
967,100000080,Client_80,2020-06-30,9755,1154,5844
968,100000080,Client_80,2020-09-30,2000,9749,7080
969,100000080,Client_80,2020-12-31,7169,9691,3515
970,100000080,Client_80,2021-03-31,542,6318,4752
971,100000080,Client_80,2021-06-30,8039,7933,9470
972,100000080,Client_80,2021-09-30,7697,4558,6691
973,100000081,Client_81,2018-12-31,9549,2409,6368
974,100000081,Client_81,2019-03-31,1010,4440,4109
975,100000081,Client_81,2019-06-30,6728,2269,2272
976,100000081,Client_81,2019-09-30,5768,6413,8415
977,100000081,Client_81,2019-12-31,8136,6889,885
978,100000081,Client_81,2020-03-31,6239,6444,2516
979,100000081,Client_81,2020-06-30,9088,4254,5719
980,100000081,Client_81,2020-09-30,2036,3907,7251
981,100000081,Client_81,2020-12-31,9593,3336,2452
982,100000081,Client_81,2021-03-31,2032,8656,5016
983,100000081,Client_81,2021-06-30,5598,1046,9669
984,100000081,Client_81,2021-09-30,1539,7830,4957
985,100000082,Client_82,2018-12-31,440,482,9848
986,100000082,Client_82,2019-03-31,8591,238,458
987,100000082,Client_82,2019-06-30,5031,9814,3556
988,100000082,Client_82,2019-09-30,1727,9595,6726
989,100000082,Client_82,2019-12-31,5104,9426,6752
990,100000082,Client_82,2020-03-31,6516,3270,3935
991,100000082,Client_82,2020-06-30,8117,2251,9529
992,100000082,Client_82,2020-09-30,7005,2934,9290
993,100000082,Client_82,2020-12-31,2667,1407,8948
994,100000082,Client_82,2021-03-31,2760,3830,6307
995,100000082,Client_82,2021-06-30,3262,1240,8558
996,100000082,Client_82,2021-09-30,1808,3730,3311
997,100000083,Client_83,2018-12-31,6638,9802,575
998,100000083,Client_83,2019-03-31,7784,9268,1307
999,100000083,Client_83,2019-06-30,2060,657,982
1000,100000083,Client_83,2019-09-30,4861,5967,7063
1001,100000083,Client_83,2019-12-31,7266,8029,5447
1002,100000083,Client_83,2020-03-31,7369,9902,8225
1003,100000083,Client_83,2020-06-30,2554,4594,2046
1004,100000083,Client_83,2020-09-30,2908,6742,3925
1005,100000083,Client_83,2020-12-31,3636,6168,3902
1006,100000083,Client_83,2021-03-31,4799,2070,5906
1007,100000083,Client_83,2021-06-30,6242,2919,9194
1008,100000083,Client_83,2021-09-30,464,4358,3219
1009,100000084,Client_84,2018-12-31,1963,215,7184
1010,100000084,Client_84,2019-03-31,8116,2484,4035
1011,100000084,Client_84,2019-06-30,7842,5542,2590
1012,100000084,Client_84,2019-09-30,7080,9234,7761
1013,100000084,Client_84,2019-12-31,1824,8282,2867
1014,100000084,Client_84,2020-03-31,1237,4217,3520
1015,100000084,Client_84,2020-06-30,5945,4878,4006
1016,100000084,Client_84,2020-09-30,3737,3053,6029
1017,100000084,Client_84,2020-12-31,376,2099,1327
1018,100000084,Client_84,2021-03-31,6437,3835,795
1019,100000084,Client_84,2021-06-30,9601,4252,8001
1020,100000084,Client_84,2021-09-30,7570,7637,2941
1021,100000085,Client_85,2018-12-31,4308,8833,1188
1022,100000085,Client_85,2019-03-31,3463,124,9864
1023,100000085,Client_85,2019-06-30,6244,5768,4336
1024,100000085,Client_85,2019-09-30,8168,2335,7395
1025,100000085,Client_85,2019-12-31,8492,8548,3847
1026,100000085,Client_85,2020-03-31,3275,4997,5137
1027,100000085,Client_85,2020-06-30,7527,8705,2114
1028,100000085,Client_85,2020-09-30,1481,1198,3526
1029,100000085,Client_85,2020-12-31,3755,8038,9201
1030,100000085,Client_85,2021-03-31,287,5509,2192
1031,100000085,Client_85,2021-06-30,2230,5342,8649
1032,100000085,Client_85,2021-09-30,5747,5285,5876
1033,100000086,Client_86,2018-12-31,8013,7647,7923
1034,100000086,Client_86,2019-03-31,7455,6565,1597
1035,100000086,Client_86,2019-06-30,2655,5509,3051
1036,100000086,Client_86,2019-09-30,1338,9265,4827
1037,100000086,Client_86,2019-12-31,4065,5786,9342
1038,100000086,Client_86,2020-03-31,3801,2880,7498
1039,100000086,Client_86,2020-06-30,1688,2468,5889
1040,100000086,Client_86,2020-09-30,536,2928,1656
1041,100000086,Client_86,2020-12-31,7670,7580,9596
1042,100000086,Client_86,2021-03-31,282,7290,6787
1043,100000086,Client_86,2021-06-30,5665,7341,7751
1044,100000086,Client_86,2021-09-30,5675,1689,9879
1045,100000087,Client_87,2018-12-31,8951,259,6655
1046,100000087,Client_87,2019-03-31,9303,8344,6946
1047,100000087,Client_87,2019-06-30,2407,1328,7326
1048,100000087,Client_87,2019-09-30,5690,7019,5685
1049,100000087,Client_87,2019-12-31,9327,6146,5045
1050,100000087,Client_87,2020-03-31,8027,7116,7858
1051,100000087,Client_87,2020-06-30,5186,9556,7261
1052,100000087,Client_87,2020-09-30,1984,1909,3267
1053,100000087,Client_87,2020-12-31,6452,9109,6156
1054,100000087,Client_87,2021-03-31,2537,6568,9180
1055,100000087,Client_87,2021-06-30,6051,5376,8959
1056,100000087,Client_87,2021-09-30,7918,4828,2724
1057,100000088,Client_88,2018-12-31,5838,4332,5893
1058,100000088,Client_88,2019-03-31,4623,5671,9110
1059,100000088,Client_88,2019-06-30,9398,2324,8489
1060,100000088,Client_88,2019-09-30,6191,8762,6461
1061,100000088,Client_88,2019-12-31,2048,7194,6418
1062,100000088,Client_88,2020-03-31,3896,334,9220
1063,100000088,Client_88,2020-06-30,3707,8143,622
1064,100000088,Client_88,2020-09-30,6004,4988,9921
1065,100000088,Client_88,2020-12-31,5932,7222,5942
1066,100000088,Client_88,2021-03-31,1416,1224,5721
1067,100000088,Client_88,2021-06-30,5523,2687,9315
1068,100000088,Client_88,2021-09-30,5772,1478,3474
1069,100000089,Client_89,2018-12-31,1619,5877,8035
1070,100000089,Client_89,2019-03-31,6193,8518,5455
1071,100000089,Client_89,2019-06-30,5068,9183,5674
1072,100000089,Client_89,2019-09-30,4172,2357,8688
1073,100000089,Client_89,2019-12-31,4524,3337,3993
1074,100000089,Client_89,2020-03-31,2105,2116,9488
1075,100000089,Client_89,2020-06-30,1872,8453,4076
1076,100000089,Client_89,2020-09-30,1851,9067,7530
1077,100000089,Client_89,2020-12-31,7270,6569,9231
1078,100000089,Client_89,2021-03-31,3320,639,1561
1079,100000089,Client_89,2021-06-30,5284,8647,334
1080,100000089,Client_89,2021-09-30,1648,7580,4313
1081,100000090,Client_90,2018-12-31,1773,6808,8082
1082,100000090,Client_90,2019-03-31,2200,3848,3273
1083,100000090,Client_90,2019-06-30,1915,3941,8116
1084,100000090,Client_90,2019-09-30,7111,4593,774
1085,100000090,Client_90,2019-12-31,8188,8678,2258
1086,100000090,Client_90,2020-03-31,2761,2164,3353
1087,100000090,Client_90,2020-06-30,5079,7803,9031
1088,100000090,Client_90,2020-09-30,1501,3359,4023
1089,100000090,Client_90,2020-12-31,4314,3327,2845
1090,100000090,Client_90,2021-03-31,6191,3966,5918
1091,100000090,Client_90,2021-06-30,2322,2892,9989
1092,100000090,Client_90,2021-09-30,4163,1624,8324
1093,100000091,Client_91,2018-12-31,6298,4125,2666
1094,100000091,Client_91,2019-03-31,2903,3809,6255
1095,100000091,Client_91,2019-06-30,819,6616,4679
1096,100000091,Client_91,2019-09-30,1072,3818,7495
1097,100000091,Client_91,2019-12-31,4502,4652,2307
1098,100000091,Client_91,2020-03-31,4526,7019,8935
1099,100000091,Client_91,2020-06-30,8486,8780,2304
1100,100000091,Client_91,2020-09-30,5445,3376,1202
1101,100000091,Client_91,2020-12-31,5343,6714,9533
1102,100000091,Client_91,2021-03-31,8807,5323,8684
1103,100000091,Client_91,2021-06-30,730,9271,6783
1104,100000091,Client_91,2021-09-30,377,332,9844
1105,100000092,Client_92,2018-12-31,5790,7759,125
1106,100000092,Client_92,2019-03-31,7568,6510,8752
1107,100000092,Client_92,2019-06-30,3864,6699,5202
1108,100000092,Client_92,2019-09-30,7106,3583,2094
1109,100000092,Client_92,2019-12-31,8782,1172,6807
1110,100000092,Client_92,2020-03-31,315,7705,9884
1111,100000092,Client_92,2020-06-30,2706,8450,4881
1112,100000092,Client_92,2020-09-30,3413,7863,6039
1113,100000092,Client_92,2020-12-31,2395,5785,1796
1114,100000092,Client_92,2021-03-31,2046,2883,3744
1115,100000092,Client_92,2021-06-30,5341,6520,7657
1116,100000092,Client_92,2021-09-30,2745,6689,6453
1117,100000093,Client_93,2018-12-31,2032,1857,5185
1118,100000093,Client_93,2019-03-31,5737,1216,592
1119,100000093,Client_93,2019-06-30,8911,7988,6574
1120,100000093,Client_93,2019-09-30,9838,5058,9897
1121,100000093,Client_93,2019-12-31,9567,2843,7966
1122,100000093,Client_93,2020-03-31,7260,5551,5358
1123,100000093,Client_93,2020-06-30,8648,7286,6202
1124,100000093,Client_93,2020-09-30,9161,9177,9575
1125,100000093,Client_93,2020-12-31,719,982,9088
1126,100000093,Client_93,2021-03-31,3742,1396,8536
1127,100000093,Client_93,2021-06-30,2995,6693,1029
1128,100000093,Client_93,2021-09-30,5466,8811,3312
1129,100000094,Client_94,2018-12-31,2509,8299,3523
1130,100000094,Client_94,2019-03-31,7076,7694,5258
1131,100000094,Client_94,2019-06-30,3767,6073,6336
1132,100000094,Client_94,2019-09-30,8377,2568,6317
1133,100000094,Client_94,2019-12-31,3719,1736,8255
1134,100000094,Client_94,2020-03-31,3683,4109,3426
1135,100000094,Client_94,2020-06-30,8248,2317,5067
1136,100000094,Client_94,2020-09-30,2469,3738,9235
1137,100000094,Client_94,2020-12-31,5822,4544,7718
1138,100000094,Client_94,2021-03-31,4047,1776,1296
1139,100000094,Client_94,2021-06-30,2887,7532,9753
1140,100000094,Client_94,2021-09-30,8027,3418,8958
1141,100000095,Client_95,2018-12-31,6789,2276,3843
1142,100000095,Client_95,2019-03-31,8892,4522,3924
1143,100000095,Client_95,2019-06-30,9271,2551,728
1144,100000095,Client_95,2019-09-30,9921,7878,3796
1145,100000095,Client_95,2019-12-31,3774,4029,2865
1146,100000095,Client_95,2020-03-31,4469,8407,5056
1147,100000095,Client_95,2020-06-30,792,3262,1205
1148,100000095,Client_95,2020-09-30,3108,2261,8445
1149,100000095,Client_95,2020-12-31,3799,3886,9356
1150,100000095,Client_95,2021-03-31,4300,2013,9508
1151,100000095,Client_95,2021-06-30,5620,1872,2880
1152,100000095,Client_95,2021-09-30,7523,2971,760
1153,100000096,Client_96,2018-12-31,6342,1232,799
1154,100000096,Client_96,2019-03-31,7570,6397,7912
1155,100000096,Client_96,2019-06-30,4657,2279,9165
1156,100000096,Client_96,2019-09-30,8375,1522,3280
1157,100000096,Client_96,2019-12-31,4416,6796,9683
1158,100000096,Client_96,2020-03-31,714,4670,370
1159,100000096,Client_96,2020-06-30,2568,9682,3707
1160,100000096,Client_96,2020-09-30,3175,389,8220
1161,100000096,Client_96,2020-12-31,6714,3352,7515
1162,100000096,Client_96,2021-03-31,6871,378,680
1163,100000096,Client_96,2021-06-30,5058,8545,4376
1164,100000096,Client_96,2021-09-30,8097,4876,924
1165,100000097,Client_97,2018-12-31,3932,8991,5545
1166,100000097,Client_97,2019-03-31,1480,9965,6634
1167,100000097,Client_97,2019-06-30,3256,4407,5734
1168,100000097,Client_97,2019-09-30,8675,5910,8633
1169,100000097,Client_97,2019-12-31,6034,3209,4182
1170,100000097,Client_97,2020-03-31,3340,6128,1949
1171,100000097,Client_97,2020-06-30,8597,2849,6780
1172,100000097,Client_97,2020-09-30,9427,305,7452
1173,100000097,Client_97,2020-12-31,4691,3550,7314
1174,100000097,Client_97,2021-03-31,3911,5241,8601
1175,100000097,Client_97,2021-06-30,2808,2091,8563
1176,100000097,Client_97,2021-09-30,3373,4638,8812
1177,100000098,Client_98,2018-12-31,9268,3822,3651
1178,100000098,Client_98,2019-03-31,2932,5779,6679
1179,100000098,Client_98,2019-06-30,252,5854,2900
1180,100000098,Client_98,2019-09-30,5410,2710,1204
1181,100000098,Client_98,2019-12-31,7461,4299,3954
1182,100000098,Client_98,2020-03-31,7363,2014,7465
1183,100000098,Client_98,2020-06-30,3172,9298,506
1184,100000098,Client_98,2020-09-30,266,608,1761
1185,100000098,Client_98,2020-12-31,3764,3589,780
1186,100000098,Client_98,2021-03-31,2624,2220,5360
1187,100000098,Client_98,2021-06-30,4457,1463,9623
1188,100000098,Client_98,2021-09-30,2392,1638,3508
1189,100000099,Client_99,2018-12-31,7842,8852,9391
1190,100000099,Client_99,2019-03-31,2003,274,2330
1191,100000099,Client_99,2019-06-30,4387,4260,7206
1192,100000099,Client_99,2019-09-30,9789,3271,1667
1193,100000099,Client_99,2019-12-31,1251,7719,6133
1194,100000099,Client_99,2020-03-31,8660,5046,8334
1195,100000099,Client_99,2020-06-30,2007,3590,2635
1196,100000099,Client_99,2020-09-30,4273,1393,4869
1197,100000099,Client_99,2020-12-31,4896,6971,3072
1198,100000099,Client_99,2021-03-31,4022,5097,7132
1199,100000099,Client_99,2021-06-30,1092,8212,5387
1200,100000099,Client_99,2021-09-30,2340,1576,6526
1201,100000100,Client_100,2018-12-31,489,1099,1955
1202,100000100,Client_100,2019-03-31,8225,8950,2863
1203,100000100,Client_100,2019-06-30,3763,5086,1581
1204,100000100,Client_100,2019-09-30,7356,3831,7362
1205,100000100,Client_100,2019-12-31,551,9829,3193
1206,100000100,Client_100,2020-03-31,982,4508,4168
1207,100000100,Client_100,2020-06-30,3377,8666,8051
1208,100000100,Client_100,2020-09-30,4790,4695,4659
1209,100000100,Client_100,2020-12-31,7391,8260,212
1210,100000100,Client_100,2021-03-31,5231,3297,239
1211,100000100,Client_100,2021-06-30,1524,3049,3268
1212,100000100,Client_100,2021-09-30,8808,6143,7089
1213,100000101,Client_101,2018-12-31,7336,6361,987
1214,100000101,Client_101,2019-03-31,3204,149,4051
1215,100000101,Client_101,2019-06-30,3660,118,4921
1216,100000101,Client_101,2019-09-30,6440,8158,9765
1217,100000101,Client_101,2019-12-31,2706,7946,8743
1218,100000101,Client_101,2020-03-31,6532,3865,2538
1219,100000101,Client_101,2020-06-30,9841,6458,8419
1220,100000101,Client_101,2020-09-30,6041,7744,4955
1221,100000101,Client_101,2020-12-31,6647,7296,6011
1222,100000101,Client_101,2021-03-31,6581,2861,4556
1223,100000101,Client_101,2021-06-30,9707,6461,5793
1224,100000101,Client_101,2021-09-30,5888,301,6260
1225,100000102,Client_102,2018-12-31,617,7837,9633
1226,100000102,Client_102,2019-03-31,2088,3902,5908
1227,100000102,Client_102,2019-06-30,7262,6341,8499
1228,100000102,Client_102,2019-09-30,5733,5855,6409
1229,100000102,Client_102,2019-12-31,4217,8445,1618
1230,100000102,Client_102,2020-03-31,6263,2700,2295
1231,100000102,Client_102,2020-06-30,3654,2949,1842
1232,100000102,Client_102,2020-09-30,1406,3949,7619
1233,100000102,Client_102,2020-12-31,4295,5278,2655
1234,100000102,Client_102,2021-03-31,2405,7719,9380
1235,100000102,Client_102,2021-06-30,2742,9469,6509
1236,100000102,Client_102,2021-09-30,4857,3094,8851
1237,100000103,Client_103,2018-12-31,1371,1913,8901
1238,100000103,Client_103,2019-03-31,2561,4220,6224
1239,100000103,Client_103,2019-06-30,8575,4496,9383
1240,100000103,Client_103,2019-09-30,916,7404,7431
1241,100000103,Client_103,2019-12-31,182,2020,7917
1242,100000103,Client_103,2020-03-31,2193,7171,8067
1243,100000103,Client_103,2020-06-30,8467,5385,5037
1244,100000103,Client_103,2020-09-30,469,1918,2201
1245,100000103,Client_103,2020-12-31,3590,1879,7774
1246,100000103,Client_103,2021-03-31,1464,7394,3776
1247,100000103,Client_103,2021-06-30,2526,8364,8189
1248,100000103,Client_103,2021-09-30,3062,959,4238
1249,100000104,Client_104,2018-12-31,2524,9356,4117
1250,100000104,Client_104,2019-03-31,8660,8442,1234
1251,100000104,Client_104,2019-06-30,5266,5219,5794
1252,100000104,Client_104,2019-09-30,6236,5585,4264
1253,100000104,Client_104,2019-12-31,2446,5139,4997
1254,100000104,Client_104,2020-03-31,8352,5141,4001
1255,100000104,Client_104,2020-06-30,1437,1284,4526
1256,100000104,Client_104,2020-09-30,1651,1729,9619
1257,100000104,Client_104,2020-12-31,1626,9965,1461
1258,100000104,Client_104,2021-03-31,9865,4470,5383
1259,100000104,Client_104,2021-06-30,7710,2093,969
1260,100000104,Client_104,2021-09-30,1114,702,790
1261,100000105,Client_105,2018-12-31,8785,589,6964
1262,100000105,Client_105,2019-03-31,7340,7886,8124
1263,100000105,Client_105,2019-06-30,394,5588,4127
1264,100000105,Client_105,2019-09-30,3012,4844,1973
1265,100000105,Client_105,2019-12-31,3358,2917,8736
1266,100000105,Client_105,2020-03-31,3741,4558,5407
1267,100000105,Client_105,2020-06-30,9033,2141,779
1268,100000105,Client_105,2020-09-30,5838,5768,9650
1269,100000105,Client_105,2020-12-31,7797,8133,162
1270,100000105,Client_105,2021-03-31,7929,7452,7015
1271,100000105,Client_105,2021-06-30,8426,3744,5070
1272,100000105,Client_105,2021-09-30,8103,3378,7396
1273,100000106,Client_106,2018-12-31,9114,3174,8412
1274,100000106,Client_106,2019-03-31,7652,1737,5203
1275,100000106,Client_106,2019-06-30,9216,744,2132
1276,100000106,Client_106,2019-09-30,2861,2168,341
1277,100000106,Client_106,2019-12-31,2768,902,5159
1278,100000106,Client_106,2020-03-31,295,2287,2430
1279,100000106,Client_106,2020-06-30,4941,3706,8568
1280,100000106,Client_106,2020-09-30,160,4027,6396
1281,100000106,Client_106,2020-12-31,2691,8858,9863
1282,100000106,Client_106,2021-03-31,6221,1300,2954
1283,100000106,Client_106,2021-06-30,7124,9528,7072
1284,100000106,Client_106,2021-09-30,236,1129,2694
1285,100000107,Client_107,2018-12-31,7306,761,2572
1286,100000107,Client_107,2019-03-31,186,6319,8243
1287,100000107,Client_107,2019-06-30,7068,2873,1800
1288,100000107,Client_107,2019-09-30,2800,6915,1747
1289,100000107,Client_107,2019-12-31,6138,5264,5620
1290,100000107,Client_107,2020-03-31,3787,696,4645
1291,100000107,Client_107,2020-06-30,8776,8937,4857
1292,100000107,Client_107,2020-09-30,4484,9012,4833
1293,100000107,Client_107,2020-12-31,7181,8790,7217
1294,100000107,Client_107,2021-03-31,4829,1773,8406
1295,100000107,Client_107,2021-06-30,7278,2394,3730
1296,100000107,Client_107,2021-09-30,246,3553,4607
1297,100000108,Client_108,2018-12-31,5883,7851,5728
1298,100000108,Client_108,2019-03-31,8428,3460,3105
1299,100000108,Client_108,2019-06-30,3652,118,2342
1300,100000108,Client_108,2019-09-30,6418,5197,8740
1301,100000108,Client_108,2019-12-31,2048,9237,5718
1302,100000108,Client_108,2020-03-31,4336,7001,2020
1303,100000108,Client_108,2020-06-30,4288,338,304
1304,100000108,Client_108,2020-09-30,5652,5027,4490
1305,100000108,Client_108,2020-12-31,2787,5051,6260
1306,100000108,Client_108,2021-03-31,5488,9640,5226
1307,100000108,Client_108,2021-06-30,916,9112,292
1308,100000108,Client_108,2021-09-30,1876,3745,6414
1309,100000109,Client_109,2018-12-31,8542,1888,7474
1310,100000109,Client_109,2019-03-31,3800,9459,3993
1311,100000109,Client_109,2019-06-30,6911,9388,2779
1312,100000109,Client_109,2019-09-30,4004,7360,604
1313,100000109,Client_109,2019-12-31,9913,9679,6873
1314,100000109,Client_109,2020-03-31,3916,817,4534
1315,100000109,Client_109,2020-06-30,758,5157,4108
1316,100000109,Client_109,2020-09-30,5094,4334,3864
1317,100000109,Client_109,2020-12-31,4737,2204,9547
1318,100000109,Client_109,2021-03-31,6901,8675,2707
1319,100000109,Client_109,2021-06-30,8485,3819,2681
1320,100000109,Client_109,2021-09-30,2665,2863,6428
1321,100000110,Client_110,2018-12-31,6091,3506,9023
1322,100000110,Client_110,2019-03-31,4880,4277,6576
1323,100000110,Client_110,2019-06-30,2704,8281,2482
1324,100000110,Client_110,2019-09-30,631,6179,734
1325,100000110,Client_110,2019-12-31,102,8497,6051
1326,100000110,Client_110,2020-03-31,5726,7839,6103
1327,100000110,Client_110,2020-06-30,2990,6339,8126
1328,100000110,Client_110,2020-09-30,3406,997,9377
1329,100000110,Client_110,2020-12-31,9571,770,7391
1330,100000110,Client_110,2021-03-31,1605,6560,5267
1331,100000110,Client_110,2021-06-30,5355,349,6557
1332,100000110,Client_110,2021-09-30,1992,3539,2954
1333,100000111,Client_111,2018-12-31,9795,3892,5430
1334,100000111,Client_111,2019-03-31,7971,8335,3712
1335,100000111,Client_111,2019-06-30,2718,4778,3263
1336,100000111,Client_111,2019-09-30,9580,3042,8511
1337,100000111,Client_111,2019-12-31,2025,3072,1090
1338,100000111,Client_111,2020-03-31,1912,9095,589
1339,100000111,Client_111,2020-06-30,5976,9785,3745
1340,100000111,Client_111,2020-09-30,7181,2991,9997
1341,100000111,Client_111,2020-12-31,3616,3440,6510
1342,100000111,Client_111,2021-03-31,153,2675,715
1343,100000111,Client_111,2021-06-30,6044,7504,1054
1344,100000111,Client_111,2021-09-30,1729,6959,8941
1345,100000112,Client_112,2018-12-31,3378,5555,3901
1346,100000112,Client_112,2019-03-31,2661,6639,470
1347,100000112,Client_112,2019-06-30,957,4986,7585
1348,100000112,Client_112,2019-09-30,483,4434,4390
1349,100000112,Client_112,2019-12-31,2825,6304,6211
1350,100000112,Client_112,2020-03-31,4351,1022,3015
1351,100000112,Client_112,2020-06-30,8057,3146,9266
1352,100000112,Client_112,2020-09-30,1330,7747,5033
1353,100000112,Client_112,2020-12-31,9655,4040,6583
1354,100000112,Client_112,2021-03-31,303,260,9060
1355,100000112,Client_112,2021-06-30,3848,6818,2681
1356,100000112,Client_112,2021-09-30,1193,4600,8899
1357,100000113,Client_113,2018-12-31,5810,9832,2975
1358,100000113,Client_113,2019-03-31,3291,1937,789
1359,100000113,Client_113,2019-06-30,3859,2203,465
1360,100000113,Client_113,2019-09-30,8192,4272,6133
1361,100000113,Client_113,2019-12-31,2478,1305,5088
1362,100000113,Client_113,2020-03-31,5769,2835,9967
1363,100000113,Client_113,2020-06-30,8590,1056,9406
1364,100000113,Client_113,2020-09-30,6723,1574,4560
1365,100000113,Client_113,2020-12-31,7102,6496,2928
1366,100000113,Client_113,2021-03-31,2950,3064,4694
1367,100000113,Client_113,2021-06-30,9241,6744,2950
1368,100000113,Client_113,2021-09-30,265,1019,8405
1369,100000114,Client_114,2018-12-31,3604,1091,6147
1370,100000114,Client_114,2019-03-31,3939,1358,7709
1371,100000114,Client_114,2019-06-30,8806,4904,167
1372,100000114,Client_114,2019-09-30,9888,5760,4578
1373,100000114,Client_114,2019-12-31,8310,3621,672
1374,100000114,Client_114,2020-03-31,7182,7932,5495
1375,100000114,Client_114,2020-06-30,2358,6139,750
1376,100000114,Client_114,2020-09-30,5841,6938,2687
1377,100000114,Client_114,2020-12-31,7976,3362,1438
1378,100000114,Client_114,2021-03-31,5096,5880,2927
1379,100000114,Client_114,2021-06-30,5332,2317,3639
1380,100000114,Client_114,2021-09-30,7945,9329,4483
1381,100000115,Client_115,2018-12-31,3061,3326,6937
1382,100000115,Client_115,2019-03-31,7131,9390,9231
1383,100000115,Client_115,2019-06-30,3816,3514,1548
1384,100000115,Client_115,2019-09-30,670,3004,2605
1385,100000115,Client_115,2019-12-31,1017,7082,7527
1386,100000115,Client_115,2020-03-31,6436,1778,715
1387,100000115,Client_115,2020-06-30,7186,4849,3605
1388,100000115,Client_115,2020-09-30,4629,1235,8666
1389,100000115,Client_115,2020-12-31,7326,5262,306
1390,100000115,Client_115,2021-03-31,4975,1419,1241
1391,100000115,Client_115,2021-06-30,4727,7489,2790
1392,100000115,Client_115,2021-09-30,7423,3355,8381
1393,100000116,Client_116,2018-12-31,5313,4208,3120
1394,100000116,Client_116,2019-03-31,1957,9096,9236
1395,100000116,Client_116,2019-06-30,2889,3975,7705
1396,100000116,Client_116,2019-09-30,9902,8235,6155
1397,100000116,Client_116,2019-12-31,3982,7275,7229
1398,100000116,Client_116,2020-03-31,5121,4835,2487
1399,100000116,Client_116,2020-06-30,6682,9233,5966
1400,100000116,Client_116,2020-09-30,2666,1075,7312
1401,100000116,Client_116,2020-12-31,9246,1362,5147
1402,100000116,Client_116,2021-03-31,9235,7482,6331
1403,100000116,Client_116,2021-06-30,3427,5730,2359
1404,100000116,Client_116,2021-09-30,1357,564,3394
1405,100000117,Client_117,2018-12-31,6874,7531,1330
1406,100000117,Client_117,2019-03-31,9176,3905,6519
1407,100000117,Client_117,2019-06-30,5850,3956,3235
1408,100000117,Client_117,2019-09-30,7053,9216,6134
1409,100000117,Client_117,2019-12-31,4689,1646,6165
1410,100000117,Client_117,2020-03-31,1194,2511,2717
1411,100000117,Client_117,2020-06-30,9054,4245,2875
1412,100000117,Client_117,2020-09-30,6728,3255,4070
1413,100000117,Client_117,2020-12-31,8072,8875,5515
1414,100000117,Client_117,2021-03-31,4431,2042,6126
1415,100000117,Client_117,2021-06-30,8401,291,9195
1416,100000117,Client_117,2021-09-30,961,6811,9375
1417,100000118,Client_118,2018-12-31,749,4234,7687
1418,100000118,Client_118,2019-03-31,8928,1136,4231
1419,100000118,Client_118,2019-06-30,2248,5557,6179
1420,100000118,Client_118,2019-09-30,2530,1979,7642
1421,100000118,Client_118,2019-12-31,2111,3473,7457
1422,100000118,Client_118,2020-03-31,1389,1547,3299
1423,100000118,Client_118,2020-06-30,6481,7622,6159
1424,100000118,Client_118,2020-09-30,3283,5562,3316
1425,100000118,Client_118,2020-12-31,3236,3418,2882
1426,100000118,Client_118,2021-03-31,9282,7757,5020
1427,100000118,Client_118,2021-06-30,6424,6427,8517
1428,100000118,Client_118,2021-09-30,876,5308,787
1429,100000119,Client_119,2018-12-31,629,5167,8180
1430,100000119,Client_119,2019-03-31,5618,2253,9586
1431,100000119,Client_119,2019-06-30,6194,7074,9818
1432,100000119,Client_119,2019-09-30,4874,7792,3203
1433,100000119,Client_119,2019-12-31,2540,4235,7224
1434,100000119,Client_119,2020-03-31,5301,944,546
1435,100000119,Client_119,2020-06-30,4015,3209,1334
1436,100000119,Client_119,2020-09-30,6687,326,4243
1437,100000119,Client_119,2020-12-31,7285,5658,286
1438,100000119,Client_119,2021-03-31,2635,2032,9140
1439,100000119,Client_119,2021-06-30,2132,1352,5609
1440,100000119,Client_119,2021-09-30,5174,1981,369
1441,100000120,Client_120,2018-12-31,1730,4505,6239
1442,100000120,Client_120,2019-03-31,1674,1795,3358
1443,100000120,Client_120,2019-06-30,3362,1545,6363
1444,100000120,Client_120,2019-09-30,8511,152,5670
1445,100000120,Client_120,2019-12-31,7679,1766,7001
1446,100000120,Client_120,2020-03-31,2885,819,8697
1447,100000120,Client_120,2020-06-30,6955,2394,8363
1448,100000120,Client_120,2020-09-30,9521,9859,4582
1449,100000120,Client_120,2020-12-31,798,7343,9118
1450,100000120,Client_120,2021-03-31,6018,448,5474
1451,100000120,Client_120,2021-06-30,7969,407,3516
1452,100000120,Client_120,2021-09-30,4920,3658,4578
1453,100000121,Client_121,2018-12-31,6631,4720,3085
1454,100000121,Client_121,2019-03-31,8212,8567,2647
1455,100000121,Client_121,2019-06-30,436,3079,4068
1456,100000121,Client_121,2019-09-30,1010,2096,3229
1457,100000121,Client_121,2019-12-31,5547,6229,5950
1458,100000121,Client_121,2020-03-31,4304,7546,8619
1459,100000121,Client_121,2020-06-30,414,1234,4976
1460,100000121,Client_121,2020-09-30,8202,9812,8447
1461,100000121,Client_121,2020-12-31,5692,1824,3443
1462,100000121,Client_121,2021-03-31,986,821,7778
1463,100000121,Client_121,2021-06-30,9204,3457,970
1464,100000121,Client_121,2021-09-30,6851,597,1856
1465,100000122,Client_122,2018-12-31,1217,2928,1747
1466,100000122,Client_122,2019-03-31,7092,6871,242
1467,100000122,Client_122,2019-06-30,2861,3535,6722
1468,100000122,Client_122,2019-09-30,7169,4612,1948
1469,100000122,Client_122,2019-12-31,2796,1817,3172
1470,100000122,Client_122,2020-03-31,9359,2886,3891
1471,100000122,Client_122,2020-06-30,9580,3971,1906
1472,100000122,Client_122,2020-09-30,1604,3408,7217
1473,100000122,Client_122,2020-12-31,5148,8363,1790
1474,100000122,Client_122,2021-03-31,9636,3403,3213
1475,100000122,Client_122,2021-06-30,9174,7950,6516
1476,100000122,Client_122,2021-09-30,1604,9024,4024
1477,100000123,Client_123,2018-12-31,8715,9883,4585
1478,100000123,Client_123,2019-03-31,8200,8784,291
1479,100000123,Client_123,2019-06-30,8790,5017,5931
1480,100000123,Client_123,2019-09-30,9548,4422,7099
1481,100000123,Client_123,2019-12-31,9108,7382,9765
1482,100000123,Client_123,2020-03-31,9378,1974,9162
1483,100000123,Client_123,2020-06-30,4863,8564,9321
1484,100000123,Client_123,2020-09-30,1151,9865,7638
1485,100000123,Client_123,2020-12-31,7511,6420,2205
1486,100000123,Client_123,2021-03-31,407,7837,3459
1487,100000123,Client_123,2021-06-30,3276,1351,5466
1488,100000123,Client_123,2021-09-30,1617,6326,5405
1489,100000124,Client_124,2018-12-31,9670,5969,8139
1490,100000124,Client_124,2019-03-31,4991,5092,2061
1491,100000124,Client_124,2019-06-30,2963,6703,4667
1492,100000124,Client_124,2019-09-30,6613,4105,9214
1493,100000124,Client_124,2019-12-31,283,7855,3458
1494,100000124,Client_124,2020-03-31,6715,9690,6897
1495,100000124,Client_124,2020-06-30,8828,7778,5798
1496,100000124,Client_124,2020-09-30,1373,6753,1196
1497,100000124,Client_124,2020-12-31,9597,9207,8102
1498,100000124,Client_124,2021-03-31,4347,9320,5414
1499,100000124,Client_124,2021-06-30,3454,370,1286
1500,100000124,Client_124,2021-09-30,6405,2498,7095
1501,100000125,Client_125,2018-12-31,7399,4282,2330
1502,100000125,Client_125,2019-03-31,6611,228,9561
1503,100000125,Client_125,2019-06-30,3772,9893,4865
1504,100000125,Client_125,2019-09-30,4070,7645,5652
1505,100000125,Client_125,2019-12-31,727,6689,2144
1506,100000125,Client_125,2020-03-31,2441,5984,8285
1507,100000125,Client_125,2020-06-30,349,3025,5143
1508,100000125,Client_125,2020-09-30,1074,9617,7292
1509,100000125,Client_125,2020-12-31,9275,9180,2772
1510,100000125,Client_125,2021-03-31,7379,7631,9618
1511,100000125,Client_125,2021-06-30,8762,2087,190
1512,100000125,Client_125,2021-09-30,8821,4159,2873
1513,100000126,Client_126,2018-12-31,9978,8483,7509
1514,100000126,Client_126,2019-03-31,4540,7447,1108
1515,100000126,Client_126,2019-06-30,3883,6746,4398
1516,100000126,Client_126,2019-09-30,4768,4387,2152
1517,100000126,Client_126,2019-12-31,6109,1816,410
1518,100000126,Client_126,2020-03-31,4638,1360,4032
1519,100000126,Client_126,2020-06-30,684,7716,8651
1520,100000126,Client_126,2020-09-30,2966,5998,2111
1521,100000126,Client_126,2020-12-31,6351,5039,4106
1522,100000126,Client_126,2021-03-31,1725,990,6178
1523,100000126,Client_126,2021-06-30,7136,9023,4061
1524,100000126,Client_126,2021-09-30,2604,8906,3906
1525,100000127,Client_127,2018-12-31,6200,1819,6786
1526,100000127,Client_127,2019-03-31,1687,7100,9903
1527,100000127,Client_127,2019-06-30,996,5658,8569
1528,100000127,Client_127,2019-09-30,4747,9928,2532
1529,100000127,Client_127,2019-12-31,4004,6937,1549
1530,100000127,Client_127,2020-03-31,4600,5554,9524
1531,100000127,Client_127,2020-06-30,4217,8969,2128
1532,100000127,Client_127,2020-09-30,6945,3858,6004
1533,100000127,Client_127,2020-12-31,4724,8948,265
1534,100000127,Client_127,2021-03-31,4691,689,4624
1535,100000127,Client_127,2021-06-30,2921,6609,7793
1536,100000127,Client_127,2021-09-30,9554,171,3680
1537,100000128,Client_128,2018-12-31,8062,368,2562
1538,100000128,Client_128,2019-03-31,9560,1115,9375
1539,100000128,Client_128,2019-06-30,8084,506,7484
1540,100000128,Client_128,2019-09-30,6149,6269,8082
1541,100000128,Client_128,2019-12-31,1085,4585,9001
1542,100000128,Client_128,2020-03-31,2718,6389,9703
1543,100000128,Client_128,2020-06-30,7028,5468,4721
1544,100000128,Client_128,2020-09-30,9777,7666,4770
1545,100000128,Client_128,2020-12-31,7758,1103,7604
1546,100000128,Client_128,2021-03-31,2566,2039,1735
1547,100000128,Client_128,2021-06-30,9990,8195,6365
1548,100000128,Client_128,2021-09-30,1995,6624,1173
1549,100000129,Client_129,2018-12-31,5284,2502,4995
1550,100000129,Client_129,2019-03-31,7431,9443,2056
1551,100000129,Client_129,2019-06-30,7123,4007,907
1552,100000129,Client_129,2019-09-30,8478,4927,4624
1553,100000129,Client_129,2019-12-31,9599,2384,5413
1554,100000129,Client_129,2020-03-31,857,4987,3954
1555,100000129,Client_129,2020-06-30,3658,9872,1061
1556,100000129,Client_129,2020-09-30,3947,6826,3675
1557,100000129,Client_129,2020-12-31,9167,2518,4298
1558,100000129,Client_129,2021-03-31,1101,5344,7219
1559,100000129,Client_129,2021-06-30,4166,2945,9773
1560,100000129,Client_129,2021-09-30,8949,5416,522
1561,100000130,Client_130,2018-12-31,6815,4366,7649
1562,100000130,Client_130,2019-03-31,6416,2810,8744
1563,100000130,Client_130,2019-06-30,8169,1757,2641
1564,100000130,Client_130,2019-09-30,6863,3175,3264
1565,100000130,Client_130,2019-12-31,2153,8579,5837
1566,100000130,Client_130,2020-03-31,3317,1547,6109
1567,100000130,Client_130,2020-06-30,707,4652,1864
1568,100000130,Client_130,2020-09-30,9517,9527,9321
1569,100000130,Client_130,2020-12-31,2771,6619,4062
1570,100000130,Client_130,2021-03-31,3277,3822,5006
1571,100000130,Client_130,2021-06-30,7363,5154,9767
1572,100000130,Client_130,2021-09-30,908,9270,825
1573,100000131,Client_131,2018-12-31,7801,1316,4151
1574,100000131,Client_131,2019-03-31,2297,2906,9070
1575,100000131,Client_131,2019-06-30,1072,5734,7583
1576,100000131,Client_131,2019-09-30,2223,8890,324
1577,100000131,Client_131,2019-12-31,9132,1914,1206
1578,100000131,Client_131,2020-03-31,224,3346,3031
1579,100000131,Client_131,2020-06-30,3071,2117,7515
1580,100000131,Client_131,2020-09-30,2515,3196,1709
1581,100000131,Client_131,2020-12-31,817,3661,9308
1582,100000131,Client_131,2021-03-31,6882,1148,9649
1583,100000131,Client_131,2021-06-30,8407,8005,5678
1584,100000131,Client_131,2021-09-30,1720,6648,7481
1585,100000132,Client_132,2018-12-31,4880,3892,3041
1586,100000132,Client_132,2019-03-31,5795,6501,9269
1587,100000132,Client_132,2019-06-30,6297,5550,9075
1588,100000132,Client_132,2019-09-30,8532,5974,1653
1589,100000132,Client_132,2019-12-31,1112,8478,1981
1590,100000132,Client_132,2020-03-31,6899,4686,8722
1591,100000132,Client_132,2020-06-30,8530,6547,2445
1592,100000132,Client_132,2020-09-30,175,9648,5977
1593,100000132,Client_132,2020-12-31,6885,5022,8190
1594,100000132,Client_132,2021-03-31,2430,4786,2002
1595,100000132,Client_132,2021-06-30,4770,7243,2159
1596,100000132,Client_132,2021-09-30,240,1889,116
1597,100000133,Client_133,2018-12-31,564,4571,1927
1598,100000133,Client_133,2019-03-31,8811,6056,189
1599,100000133,Client_133,2019-06-30,4915,2951,2943
1600,100000133,Client_133,2019-09-30,9217,6643,6001
1601,100000133,Client_133,2019-12-31,1069,1194,6224
1602,100000133,Client_133,2020-03-31,7447,3295,1504
1603,100000133,Client_133,2020-06-30,7040,4390,4082
1604,100000133,Client_133,2020-09-30,5655,8054,4813
1605,100000133,Client_133,2020-12-31,3192,4259,6408
1606,100000133,Client_133,2021-03-31,7578,8576,5033
1607,100000133,Client_133,2021-06-30,5026,9479,4069
1608,100000133,Client_133,2021-09-30,3065,4419,9075
1609,100000134,Client_134,2018-12-31,7208,9241,4039
1610,100000134,Client_134,2019-03-31,144,1910,4666
1611,100000134,Client_134,2019-06-30,9121,2009,6464
1612,100000134,Client_134,2019-09-30,2681,791,1031
1613,100000134,Client_134,2019-12-31,8010,6482,3506
1614,100000134,Client_134,2020-03-31,8439,1132,1411
1615,100000134,Client_134,2020-06-30,8679,3221,1973
1616,100000134,Client_134,2020-09-30,9207,6881,3848
1617,100000134,Client_134,2020-12-31,377,1959,6029
1618,100000134,Client_134,2021-03-31,6892,4813,4775
1619,100000134,Client_134,2021-06-30,1270,8781,9474
1620,100000134,Client_134,2021-09-30,5408,2562,9922
1621,100000135,Client_135,2018-12-31,387,6053,4382
1622,100000135,Client_135,2019-03-31,2007,1261,229
1623,100000135,Client_135,2019-06-30,6437,2463,8251
1624,100000135,Client_135,2019-09-30,6083,243,8307
1625,100000135,Client_135,2019-12-31,7569,344,1026
1626,100000135,Client_135,2020-03-31,3278,2276,5102
1627,100000135,Client_135,2020-06-30,986,8632,3498
1628,100000135,Client_135,2020-09-30,8597,9199,2754
1629,100000135,Client_135,2020-12-31,7492,1471,7235
1630,100000135,Client_135,2021-03-31,420,4754,5400
1631,100000135,Client_135,2021-06-30,6861,6954,5605
1632,100000135,Client_135,2021-09-30,9423,6653,4142
1633,100000136,Client_136,2018-12-31,9109,7598,6736
1634,100000136,Client_136,2019-03-31,7462,111,294
1635,100000136,Client_136,2019-06-30,2637,2942,2329
1636,100000136,Client_136,2019-09-30,3109,8084,2177
1637,100000136,Client_136,2019-12-31,7945,3967,4973
1638,100000136,Client_136,2020-03-31,8735,397,5956
1639,100000136,Client_136,2020-06-30,9136,1115,1484
1640,100000136,Client_136,2020-09-30,9689,8845,2450
1641,100000136,Client_136,2020-12-31,1369,1360,7801
1642,100000136,Client_136,2021-03-31,8476,4663,6997
1643,100000136,Client_136,2021-06-30,5772,5693,6255
1644,100000136,Client_136,2021-09-30,5643,7340,4783
1645,100000137,Client_137,2018-12-31,1981,8813,3909
1646,100000137,Client_137,2019-03-31,5907,4983,7306
1647,100000137,Client_137,2019-06-30,4255,4773,1509
1648,100000137,Client_137,2019-09-30,9986,5297,7552
1649,100000137,Client_137,2019-12-31,8818,2272,379
1650,100000137,Client_137,2020-03-31,4077,2769,7925
1651,100000137,Client_137,2020-06-30,4081,4869,5347
1652,100000137,Client_137,2020-09-30,4527,6235,5673
1653,100000137,Client_137,2020-12-31,4231,7289,4635
1654,100000137,Client_137,2021-03-31,2876,9411,7797
1655,100000137,Client_137,2021-06-30,8486,762,8771
1656,100000137,Client_137,2021-09-30,8144,4318,9715
1657,100000138,Client_138,2018-12-31,5160,5974,5681
1658,100000138,Client_138,2019-03-31,2114,3889,9203
1659,100000138,Client_138,2019-06-30,7248,7866,2464
1660,100000138,Client_138,2019-09-30,3729,6019,5775
1661,100000138,Client_138,2019-12-31,8972,6738,4751
1662,100000138,Client_138,2020-03-31,709,8040,3966
1663,100000138,Client_138,2020-06-30,471,7098,715
1664,100000138,Client_138,2020-09-30,7011,6110,2353
1665,100000138,Client_138,2020-12-31,5042,964,1368
1666,100000138,Client_138,2021-03-31,7554,9076,4671
1667,100000138,Client_138,2021-06-30,5329,2337,4154
1668,100000138,Client_138,2021-09-30,1035,6494,7991
1669,100000139,Client_139,2018-12-31,425,9826,7874
1670,100000139,Client_139,2019-03-31,3961,2085,5032
1671,100000139,Client_139,2019-06-30,4703,2878,9562
1672,100000139,Client_139,2019-09-30,8932,7854,4178
1673,100000139,Client_139,2019-12-31,1467,4142,2675
1674,100000139,Client_139,2020-03-31,6854,1681,2086
1675,100000139,Client_139,2020-06-30,2340,4066,7704
1676,100000139,Client_139,2020-09-30,8420,6068,9143
1677,100000139,Client_139,2020-12-31,7593,4203,2176
1678,100000139,Client_139,2021-03-31,5331,3094,3844
1679,100000139,Client_139,2021-06-30,5694,7631,7471
1680,100000139,Client_139,2021-09-30,1744,3244,342
1681,100000140,Client_140,2018-12-31,4185,8054,7369
1682,100000140,Client_140,2019-03-31,7230,6928,8462
1683,100000140,Client_140,2019-06-30,8944,6431,3612
1684,100000140,Client_140,2019-09-30,1599,2258,5262
1685,100000140,Client_140,2019-12-31,4139,2135,8077
1686,100000140,Client_140,2020-03-31,957,3923,6870
1687,100000140,Client_140,2020-06-30,9341,398,7344
1688,100000140,Client_140,2020-09-30,1023,4332,4406
1689,100000140,Client_140,2020-12-31,2899,6678,4975
1690,100000140,Client_140,2021-03-31,5426,6682,1902
1691,100000140,Client_140,2021-06-30,2757,3446,9763
1692,100000140,Client_140,2021-09-30,3049,1041,2007
1693,100000141,Client_141,2018-12-31,4937,8205,1343
1694,100000141,Client_141,2019-03-31,5796,1566,4057
1695,100000141,Client_141,2019-06-30,2066,475,362
1696,100000141,Client_141,2019-09-30,4462,6602,7933
1697,100000141,Client_141,2019-12-31,1993,8206,1752
1698,100000141,Client_141,2020-03-31,5640,3992,699
1699,100000141,Client_141,2020-06-30,4915,2012,9584
1700,100000141,Client_141,2020-09-30,8892,8672,4313
1701,100000141,Client_141,2020-12-31,3737,9390,5699
1702,100000141,Client_141,2021-03-31,6548,8657,7482
1703,100000141,Client_141,2021-06-30,9082,3669,7807
1704,100000141,Client_141,2021-09-30,846,8604,4733
1705,100000142,Client_142,2018-12-31,1020,9369,7108
1706,100000142,Client_142,2019-03-31,2481,3718,9089
1707,100000142,Client_142,2019-06-30,4543,372,1873
1708,100000142,Client_142,2019-09-30,2647,3264,4880
1709,100000142,Client_142,2019-12-31,1046,606,6819
1710,100000142,Client_142,2020-03-31,8535,8797,6460
1711,100000142,Client_142,2020-06-30,7757,3690,1292
1712,100000142,Client_142,2020-09-30,1564,490,5715
1713,100000142,Client_142,2020-12-31,6206,8964,2660
1714,100000142,Client_142,2021-03-31,5967,1311,9221
1715,100000142,Client_142,2021-06-30,1639,9204,743
1716,100000142,Client_142,2021-09-30,8793,9021,1383
1717,100000143,Client_143,2018-12-31,7780,7445,4486
1718,100000143,Client_143,2019-03-31,1019,2439,9047
1719,100000143,Client_143,2019-06-30,6030,5502,5763
1720,100000143,Client_143,2019-09-30,5375,607,1536
1721,100000143,Client_143,2019-12-31,8850,7454,4616
1722,100000143,Client_143,2020-03-31,3722,4499,5137
1723,100000143,Client_143,2020-06-30,8211,3815,7937
1724,100000143,Client_143,2020-09-30,1401,7470,5285
1725,100000143,Client_143,2020-12-31,2255,6511,6465
1726,100000143,Client_143,2021-03-31,792,1578,6496
1727,100000143,Client_143,2021-06-30,8548,541,2746
1728,100000143,Client_143,2021-09-30,5309,6633,4777
1729,100000144,Client_144,2018-12-31,7311,2745,8310
1730,100000144,Client_144,2019-03-31,9416,8033,5576
1731,100000144,Client_144,2019-06-30,8028,2180,6189
1732,100000144,Client_144,2019-09-30,7496,9839,7897
1733,100000144,Client_144,2019-12-31,961,8446,3594
1734,100000144,Client_144,2020-03-31,1004,1369,504
1735,100000144,Client_144,2020-06-30,9135,9856,1284
1736,100000144,Client_144,2020-09-30,9038,1825,8562
1737,100000144,Client_144,2020-12-31,5911,5706,4056
1738,100000144,Client_144,2021-03-31,271,8565,2406
1739,100000144,Client_144,2021-06-30,9450,9998,521
1740,100000144,Client_144,2021-09-30,5640,9501,4775
1741,100000145,Client_145,2018-12-31,9182,6848,6203
1742,100000145,Client_145,2019-03-31,1573,3343,2281
1743,100000145,Client_145,2019-06-30,9741,3196,6746
1744,100000145,Client_145,2019-09-30,9882,5982,6082
1745,100000145,Client_145,2019-12-31,5898,9727,8515
1746,100000145,Client_145,2020-03-31,8511,9946,8556
1747,100000145,Client_145,2020-06-30,9245,4624,6659
1748,100000145,Client_145,2020-09-30,7720,2874,5773
1749,100000145,Client_145,2020-12-31,3224,8771,1453
1750,100000145,Client_145,2021-03-31,9181,3954,8234
1751,100000145,Client_145,2021-06-30,1024,2270,5606
1752,100000145,Client_145,2021-09-30,2495,8320,8326
1753,100000146,Client_146,2018-12-31,5615,2770,3465
1754,100000146,Client_146,2019-03-31,688,3238,9195
1755,100000146,Client_146,2019-06-30,6763,4186,8631
1756,100000146,Client_146,2019-09-30,4370,6119,656
1757,100000146,Client_146,2019-12-31,8122,5552,3667
1758,100000146,Client_146,2020-03-31,3999,6577,7600
1759,100000146,Client_146,2020-06-30,1116,6570,2162
1760,100000146,Client_146,2020-09-30,9130,9929,4421
1761,100000146,Client_146,2020-12-31,3596,1913,6356
1762,100000146,Client_146,2021-03-31,9743,2413,9806
1763,100000146,Client_146,2021-06-30,1331,9937,5931
1764,100000146,Client_146,2021-09-30,3099,3540,4156
1765,100000147,Client_147,2018-12-31,405,1789,9809
1766,100000147,Client_147,2019-03-31,4017,7180,8711
1767,100000147,Client_147,2019-06-30,3036,3962,9742
1768,100000147,Client_147,2019-09-30,5749,3361,9456
1769,100000147,Client_147,2019-12-31,1919,1442,5660
1770,100000147,Client_147,2020-03-31,2326,1179,4306
1771,100000147,Client_147,2020-06-30,6380,7335,913
1772,100000147,Client_147,2020-09-30,5189,2131,8614
1773,100000147,Client_147,2020-12-31,9195,9833,6011
1774,100000147,Client_147,2021-03-31,2753,3440,7976
1775,100000147,Client_147,2021-06-30,1241,9141,8658
1776,100000147,Client_147,2021-09-30,2997,9381,4141
1777,100000148,Client_148,2018-12-31,2138,4370,4783
1778,100000148,Client_148,2019-03-31,594,7216,1884
1779,100000148,Client_148,2019-06-30,3610,3886,5366
1780,100000148,Client_148,2019-09-30,9290,5528,6781
1781,100000148,Client_148,2019-12-31,6993,9743,4758
1782,100000148,Client_148,2020-03-31,7182,6969,7707
1783,100000148,Client_148,2020-06-30,7769,6319,4634
1784,100000148,Client_148,2020-09-30,6079,8990,1412
1785,100000148,Client_148,2020-12-31,3062,3038,3297
1786,100000148,Client_148,2021-03-31,5396,7304,5830
1787,100000148,Client_148,2021-06-30,226,5702,1291
1788,100000148,Client_148,2021-09-30,2739,1466,9311
1789,100000149,Client_149,2018-12-31,6553,6771,6783
1790,100000149,Client_149,2019-03-31,4639,8976,2987
1791,100000149,Client_149,2019-06-30,9754,4186,2361
1792,100000149,Client_149,2019-09-30,4280,2941,6140
1793,100000149,Client_149,2019-12-31,3660,4858,726
1794,100000149,Client_149,2020-03-31,5114,1475,1281
1795,100000149,Client_149,2020-06-30,5808,590,3829
1796,100000149,Client_149,2020-09-30,6074,3634,3396
1797,100000149,Client_149,2020-12-31,2040,5114,1982
1798,100000149,Client_149,2021-03-31,5008,3087,5685
1799,100000149,Client_149,2021-06-30,3259,4630,781
1800,100000149,Client_149,2021-09-30,5354,1173,2487
